"id","name","set","number","faction","unique","size","lightsaber","cost","speed","health","defense","attack","damage","special_abilities","force_rating","force_powers","commander_effect","flavor_text"
1,Bothan Spy,1,1,5,0,"2",0,7,6,10,11,4,10,1,0,0,0,
2,C-3P0,1,2,5,1,"2",0,6,6,30,15,0,0,2,0,0,0,
3,Chewbacca,1,3,5,2,"2",0,24,6,100,17,8,20,3,0,0,0,
4,Commando on Speeder Bike,1,4,5,0,"3",0,21,6,30,15,6,20,4,0,0,0,
5,Elite Hoth Trooper,1,5,5,0,"2",0,12,6,30,16,6,20,0,0,0,0,
6,Elite Rebel Trooper,1,6,5,0,"2",0,7,6,20,13,7,10,0,0,0,0,
7,Han Solo,1,7,5,3,"2",0,28,6,80,17,8,20,5,1,0,0,
8,Hoth Trooper,1,8,5,0,"2",0,7,6,20,15,5,10,0,0,0,0,
9,"Luke Skywalker, Jedi Knight",1,9,5,4,"2",1,27,6,90,18,10,20,6,3,1,0,
10,"Luke Skywalker, Rebel",1,10,5,4,"2",0,17,6,40,17,7,20,7,2,0,0,
11,Obi-Wan Kenobi,1,11,5,5,"2",1,38,6,100,19,14,20,6,5,2,0,
12,"Princess Leia, Captive",1,12,5,6,"2",0,13,6,60,13,7,10,8,2,0,0,
13,"Princess Leia, Senator",1,13,5,6,"2",0,13,6,40,15,7,10,0,1,0,1,
14,R2-D2,1,14,5,7,"1",0,8,6,30,17,0,0,9,0,0,0,
15,Rebel Commando,1,15,5,0,"2",0,14,6,40,15,5,10,10,0,0,0,
16,Rebel Officer,1,16,5,0,"2",0,13,6,30,15,7,10,0,0,0,2,
17,Rebel Pilot,1,17,5,0,"2",0,10,6,20,14,7,10,1,0,0,0,
18,Rebel Trooper,1,18,5,0,"2",0,5,6,10,13,5,10,0,0,0,0,
19,Rebel Trooper,1,19,5,0,"2",0,5,6,10,13,5,10,0,0,0,0,
20,Wookiee Soldier,1,20,5,0,"2",0,7,6,30,12,6,10,11,0,0,0,
21,"Darth Vader, Dark Jedi",1,21,6,8,"2",1,55,6,140,22,14,20,6,5,3,3,
22,"Darth Vader, Sith Lord",1,22,6,8,"2",1,60,6,140,23,16,20,12,5,4,0,
23,Elite Snowtrooper,1,23,6,0,"2",0,12,6,30,17,6,20,0,0,0,0,
24,Elite Stormtrooper,1,24,6,0,"2",0,11,6,20,16,8,20,0,0,0,0,
25,Emperor Palpatine,1,25,6,9,"2",1,40,6,130,20,0,0,0,4,5,4,
26,General Veers,1,26,6,10,"2",0,21,6,70,16,6,10,0,0,0,5,
27,Grand Moff Tarkin,1,27,6,11,"2",0,11,6,40,14,3,10,0,0,0,6,
28,Heavy Stormtrooper,1,28,6,0,"2",0,12,6,20,16,6,30,13,0,0,0,
29,Imperial Officer,1,29,6,0,"2",0,14,6,30,14,5,10,0,0,0,7,
30,"Mara Jade, Emperor's Hand",1,30,6,12,"2",0,20,6,60,18,9,10,14,3,6,0,
31,Probe Droid,1,31,6,0,"3",0,8,6,30,14,1,10,15,0,0,0,
32,Royal Guard,1,32,6,0,"2",0,11,6,30,17,8,20,16,0,0,0,
33,Scout Trooper,1,33,6,0,"2",0,8,6,20,15,5,10,17,0,0,0,
34,Scout Trooper on Speeder Bike,1,34,6,0,"3",0,21,6,30,17,5,20,4,0,0,0,
35,Snowtrooper,1,35,6,0,"2",0,7,6,20,16,4,10,0,0,0,0,
36,Stormtrooper,1,36,6,0,"2",0,5,6,10,16,4,10,0,0,0,0,
37,Stormtrooper,1,37,6,0,"2",0,5,6,10,16,4,10,0,0,0,0,
38,Stormtrooper,1,38,6,0,"2",0,5,6,10,16,4,10,0,0,0,0,
39,Stormtrooper Officer,1,39,6,0,"2",0,14,6,30,18,8,10,18,0,0,8,
40,Sandtrooper on Dewback,1,40,6,0,"3",0,15,6,60,17,4,10,19,0,0,0,
41,Bespin Guard,1,41,8,0,"2",0,5,6,10,12,3,10,20,0,0,0,
42,Boba Fett,1,42,8,13,"2",0,50,6,110,20,12,20,21,0,0,0,
43,Dengar,1,43,8,14,"2",0,15,6,40,17,8,20,22,0,0,0,
44,Duros Mercenary,1,44,8,0,"2",0,6,6,10,14,6,10,0,0,0,0,
45,Ewok,1,45,8,0,"1",0,3,6,10,12,1,10,23,0,0,0,
46,"4-LOM",1,46,8,15,"2",0,21,6,70,18,8,20,24,0,0,0,
47,Gamorrean Guard,1,47,8,0,"2",0,9,6,30,12,4,20,25,0,0,0,
48,IG-88,1,48,8,16,"2",0,37,6,80,19,11,20,26,0,0,0,
49,Ithorian Scout,1,49,8,0,"2",0,6,6,20,11,4,10,27,0,0,0,
50,Jabba the Hutt,1,50,8,17,"3",0,50,2,80,17,7,10,28,0,0,9,
51,Jawa,1,51,8,0,"1",0,5,6,10,11,4,10,29,0,0,0,
52,Lando Calrissian,1,52,8,18,"2",0,16,6,50,16,7,10,18,0,0,10,
53,Mon Calamari Mercenary,1,53,8,0,"2",0,10,6,10,13,7,10,18,0,0,0,
54,Quarren Assassin,1,54,8,0,"2",0,12,6,30,13,7,10,30,0,0,0,
55,Greedo,1,55,8,19,"2",0,12,6,30,15,6,10,31,0,0,0,
56,Bossk,1,56,8,20,"2",0,17,6,40,17,7,20,32,0,0,0,
57,Tusken Raider,1,57,8,0,"2",0,4,6,10,13,5,10,25,0,0,0,
58,Twi'Lek Bodyguard,1,58,8,0,"2",0,10,6,30,15,4,10,33,0,0,0,
59,Twi'Lek Scoundrel,1,59,8,0,"2",0,7,6,20,14,5,10,34,0,0,0,
60,Wampa,1,60,8,0,"3",0,13,6,50,16,7,10,35,0,0,0,
61,Aayla Secura,2,1,3,21,"2",1,27,6,80,18,11,20,33,3,8,11,
62,Aerial Clone Trooper Captain,2,2,3,0,"2",0,23,6,40,14,10,20,36,0,0,7,
63,Anakin Skywalker,2,3,3,8,"2",1,25,6,70,18,8,20,37,4,9,0,
64,ARC Trooper,2,4,3,0,"2",0,18,6,40,16,10,20,38,0,0,0,
65,Captain Typho,2,5,3,22,"2",0,18,6,60,17,8,10,39,0,0,12,
66,Clone Trooper,2,6,3,0,"2",0,9,6,10,13,6,20,40,0,0,0,
67,Clone Trooper,2,7,3,0,"2",0,9,6,10,13,6,20,40,0,0,0,
68,Clone Trooper Commander,2,8,3,0,"2",0,13,6,30,14,10,10,40,0,0,8,
69,Clone Trooper Grenadier,2,9,3,0,"2",0,9,6,10,13,6,10,38,0,0,0,
70,Clone Trooper Sergeant,2,10,3,0,"2",0,10,6,20,14,10,10,40,0,0,13,
71,Agen Kolar,2,11,3,23,"2",1,29,6,120,19,13,20,7,4,10,0,
72,General Kenobi,2,12,3,5,"2",1,36,6,100,19,14,20,6,5,11,14,
73,Gungan Cavalry on Kaadu,2,13,3,0,"3",0,18,6,50,15,4,10,41,0,0,0,
74,Gungan Infantry,2,14,3,0,"2",0,9,6,30,14,4,10,42,0,0,0,
75,Jedi Guardian,2,15,3,0,"2",1,11,6,40,15,6,20,7,2,12,0,
76,Ki-Adi-Mundi,2,16,3,24,"2",1,24,6,90,18,10,20,7,3,13,15,
77,Kit Fisto,2,17,3,25,"2",1,32,6,120,20,13,20,7,4,14,16,""
78,Luminara Unduli,2,18,3,26,"2",1,30,6,100,18,12,20,6,3,15,0,
79,Mace Windu,2,19,3,27,"2",1,63,6,150,22,16,20,43,5,16,0,
80,Naboo Soldier,2,20,3,0,"2",0,5,6,10,13,3,10,44,0,0,0,
81,Padme Amidala,2,21,3,28,"2",0,15,6,60,17,9,10,18,0,0,17,
82,Plo Koon,2,22,3,29,"2",1,28,6,110,19,13,20,7,4,17,0,
83,Qui-Gon Jinn,2,23,3,30,"2",1,40,6,110,20,15,20,6,5,18,0,
84,Quinlan Vos,2,24,3,31,"2",1,26,6,100,18,13,20,45,3,12,0,
85,Saesee Tiin,2,25,3,32,"2",1,26,6,100,20,13,20,46,2,19,0,
86,Yoda,2,26,3,33,"1",1,55,6,140,22,15,20,47,3,20,18,
87,Asajj Ventress,2,27,4,34,"2",1,34,6,100,20,12,20,48,2,21,19,
88,Battle Droid,2,28,4,0,"2",0,4,6,10,9,0,10,49,0,0,0,
89,Battle Droid,2,29,4,0,"2",0,4,6,10,9,0,10,49,0,0,0,
90,Battle Droid,2,30,4,0,"2",0,4,6,10,9,0,10,49,0,0,0,
91,Battle Droid Officer,2,31,4,0,"2",0,9,6,20,13,0,10,50,0,0,0,
92,Battle Droid on STAP,2,32,4,0,"3",0,16,6,10,10,1,30,51,0,0,0,
93,Count Dooku,2,33,4,35,"2",1,52,6,130,21,16,20,52,5,22,0,
94,Dark Side Acolyte,2,34,4,0,"2",1,16,6,50,17,5,20,6,2,0,0,
95,Darth Maul,2,35,4,36,"2",1,55,6,140,21,14,20,53,3,23,0,
96,Darth Sidious,2,36,4,9,"2",0,36,6,130,19,0,0,54,2,24,20,
97,Destroyer Droid,2,37,4,0,"3",0,30,6,40,16,8,20,55,0,0,0,
98,Durge,2,38,4,37,"2",0,39,6,100,19,10,20,56,0,0,21,
99,Dwarf Spider Droid,2,39,4,0,"3",0,15,6,30,13,6,30,49,0,0,0,
100,General Grevious,2,40,4,38,"2",0,44,6,100,20,12,20,57,1,0,22,
101,Geonosian Drone,2,41,4,0,"2",0,3,6,10,12,1,10,7,0,0,0,
102,Geonosian Overseer,2,42,4,0,"2",0,16,6,20,16,4,10,58,0,0,0,
103,Geonosian Picador on Orray,2,43,4,0,"3",0,13,6,50,16,5,10,59,0,0,0,
104,Geonosian Soldier,2,44,4,0,"2",0,9,6,20,15,2,20,60,0,0,0,
105,Jango Fett,2,45,4,39,"2",0,47,6,120,19,13,20,61,0,0,0,
106,Security Battle Droid,2,46,4,0,"2",0,8,6,20,13,3,10,62,0,0,0,
107,Super Battle Droid,2,47,4,0,"2",0,10,6,20,12,2,20,63,0,0,0,
108,Super Battle Droid,2,48,4,0,"2",0,10,6,20,12,2,20,63,0,0,0,
109, Aqualish Spy,2,49,8,0,"2",0,11,6,40,16,6,10,64,0,0,0,
110,Aurra Sing,2,50,8,40,"2",1,37,6,130,21,11,20,65,2,12,0,
111,Devaronian Bounty Hunter,2,51,8,0,"2",0,12,6,30,15,5,10,66,0,0,0,
112,Gran Raider,2,52,8,0,"2",0,4,6,10,13,2,10,67,0,0,0,
113,Ishi Tib Scout,2,53,8,0,"2",0,14,6,30,15,6,10,68,0,0,0,
114,Klatooinian Enforcer,2,54,8,0,"2",0,7,6,20,13,1,10,69,0,0,0,
115,Nikto Soldier,2,55,8,0,"2",0,5,6,10,14,2,10,70,0,0,0,
116,Quarren Raider,2,56,8,0,"2",0,13,6,40,15,4,10,71,0,0,0,
117,Rodian Mercenary,2,57,8,0,"2",0,9,6,20,16,4,10,72,0,0,0,
118,Weequay Mercenary,2,58,8,0,"2",0,5,6,101,13,5,10,73,0,0,0,
119,Wookiee Commando,2,59,8,0,"2",0,9,6,40,14,6,10,74,0,0,0,
120,Zam Wesell,2,60,8,41,"2",0,45,6,90,19,12,20,75,0,0,0,
121,"Agen Kolar, Jedi Master",3,1,3,23,"2",1,32,6,120,19,13,20,7,4,25,0,
122,Alderaan Trooper,3,2,3,0,"2",0,6,6,10,13,5,10,76,0,0,0,
123,"Anakin Skywalker, Jedi Knight",3,3,3,8,"2",1,29,6,100,18,12,20,37,4,26,0,
124,AT-RT,3,4,3,0,"3",0,35,8,60,18,10,40,77,0,0,0,
125,Bail Organa,3,5,3,42,"2",0,29,6,70,17,6,10,78,0,0,23,
126,Captain Antilles,3,6,3,43,"2",0,20,6,60,15,6,10,0,0,0,24,
127,Chewbacca of Kashyyyk,3,7,3,2,"2",0,25,6,80,16,6,20,79,0,0,0,
128,Clone Trooper,3,8,3,0,"2",0,9,6,10,13,6,20,40,0,0,0,
129,Clone Trooper,3,9,3,0,"2",0,9,6,10,13,6,20,40,0,0,0,
130,Clone Trooper Commander,3,10,3,0,"2",0,13,6,30,14,10,10,40,0,0,8,
131,Clone Trooper Gunner,3,11,3,0,"2",0,8,6,10,15,6,10,80,0,0,0,
132,Jedi Knight,3,12,3,0,"2",1,13,6,50,17,5,20,7,2,0,0,
133,"Mace Windu, Jedi Master",3,13,3,27,"2",1,65,6,150,22,16,20,12,5,27,0,
134,Mon Mothma,3,14,3,44,"2",0,23,6,30,11,0,0,81,0,0,25,
135,"Obi-Wan Kenobi, Jedi Master",3,15,3,5,"2",1,42,6,120,21,15,20,6,5,28,26,
136,Polis Massa Medic,3,16,3,0,"1",0,9,6,10,11,0,0,82,0,0,0,
137,"R2-D2, Astromech Droid",3,17,3,7,"1",0,9,6,30,17,8,0,83,0,0,0,
138,Senate Guard,3,18,3,0,"2",0,13,6,20,16,6,30,84,0,0,0,
139,Shaak Ti,3,19,3,45,"2",1,24,6,70,19,12,20,85,3,29,0,
140,Stass Allie,3,20,3,46,"2",1,22,6,60,18,8,20,7,4,30,0,
141,Tarfful,3,21,3,47,"2",0,26,6,90,16,7,20,86,0,0,27,
142,Wookiee Berserker,3,22,3,0,"2",0,12,6,40,10,6,20,87,0,0,0,
143,Wookie Scout,3,23,3,0,"2",0,10,6,30,13,5,10,88,0,0,0,
144,"Yoda, Jedi Master",3,24,3,33,"1",1,64,6,140,21,14,20,12,6,31,28,
145,Battle Droid,3,25,4,0,"2",0,4,6,10,9,0,10,49,0,0,0,
146,Battle Droid,3,26,4,0,"2",0,4,6,10,9,0,10,49,0,0,0,
147,Bodyguard Droid,3,27,4,0,"2",0,20,6,60,18,8,20,89,0,0,0,
148,Bodyguard Droid,3,28,4,0,"2",0,20,6,60,18,8,20,89,0,0,0,
149,Darth Tyranus,3,29,4,35,"2",1,48,6,120,20,15,20,90,5,32,0,
150,Destroyer Droid,3,30,4,0,"3",0,30,6,40,16,8,20,55,0,0,0,
151,"General Grievous, Jedi Hunter",3,31,4,38,"0",1,42,6,100,19,10,20,91,1,0,0,
152,"General Grievous, Supreme Commander",3,32,4,38,"2",1,43,6,100,20,12,20,92,1,0,29,
153,Grievous's Wheel Bike,3,33,4,38,"3",0,58,6,120,20,10,30,93,1,0,0,
154,Muun Guard,3,34,4,0,"2",0,5,6,10,12,6,10,0,0,0,0,
155,Neimoidian Soldier,3,35,4,0,"2",0,10,6,10,13,7,10,94,0,0,0,
156,Neimoidian Soldier,3,36,4,0,"2",0,10,6,10,13,7,10,94,0,0,0,
157,San Hill,3,37,4,48,"2",0,10,6,30,12,3,10,95,0,0,30,
158,Separatist Commando,3,38,4,0,"2",0,10,6,20,15,5,20,17,0,0,0,
159,Super Battle Droid,3,39,4,0,"2",0,10,6,20,12,2,20,63,0,0,0,
160,Super Battle Droid,3,40,4,0,"2",0,10,6,20,12,2,20,63,0,0,0,
161,Wat Tambor,3,41,4,49,"2",0,35,6,30,15,6,10,96,0,0,0,
162,"Boba Fett, Young Mercenary",3,42,8,13,"2",0,17,6,40,15,8,10,97,0,0,0,
163,Chagrian Mercenary Commander,3,43,8,0,"2",0,13,6,40,16,8,10,0,0,0,31,
164,Devaronian Soldier,3,44,8,0,"2",0,9,6,10,15,4,20,0,0,0,0,
165,Gotal Fringer,3,45,8,0,"2",0,9,6,10,13,6,10,98,0,0,0,
166,Human Mercenary,3,46,8,0,"2",0,11,6,30,14,6,20,99,0,0,0,
167,Iktotchi Tech Specialist,3,47,8,0,"2",0,14,6,20,12,4,20,100,0,0,0,
168,Medical Droid,3,48,8,0,"2",0,12,6,30,11,0,0,101,0,0,0,
169,Nautolan Soldier,3,49,8,0,"2",0,8,6,10,12,4,10,18,0,0,0,
170,Sly Moore,3,50,8,50,"2",0,28,6,40,13,0,0,102,0,0,0,
171,Tion Medon,3,51,8,51,"2",0,22,6,60,14,4,10,7,0,0,32,
172,Utapaun Soldier,3,52,8,0,"2",0,10,6,20,16,5,20,0,0,0,0,
173,Utapaun Soldier,3,53,8,0,"2",0,10,6,20,16,5,20,0,0,0,0,
174,Yuzzem,3,54,8,0,"3",0,18,6,40,14,6,20,103,0,0,0,
175,Zabrak Fringer,3,55,8,0,"2",0,11,6,10,12,0,0,104,0,0,0,
176,"Anakin Skywalker, Sith Apprentice",3,56,6,8,"2",1,39,6,120,19,13,20,48,4,33,0,
177,Dark Side Adept,3,57,6,0,"2",1,16,6,60,17,7,10,105,2,0,0,
178,Darth Vader,3,58,6,8,"2",1,47,6,140,21,14,20,6,4,34,0,
179,"Emperor Palpatine, Sith Lord",3,59,6,9,"2",1,62,6,130,20,15,20,106,6,35,33,
180,Royal Guard,3,60,6,0,"2",0,11,6,30,17,8,20,16,0,0,0,
181,Clone Trooper,4,1,3,0,"2",0,9,6,10,13,6,20,40,0,0,0,
182,Clone Trooper on BARC Speeder,4,2,3,0,"4",0,29,6,60,17,7,20,107,0,0,0,
183,Elite Clone Trooper,4,3,3,0,"2",0,11,6,20,14,8,20,40,0,0,0,
184,Flash Speeder,4,4,3,0,"4",0,41,12,80,16,7,30,108,0,0,0,
185,Obi-Wan on Boga,4,5,3,5,"4",1,41,6,130,21,15,20,109,5,37,0,
186,Battle Droid,4,6,4,0,"2",0,4,6,10,9,0,10,49,0,0,0,
187,Darth Maul on Speeder,4,7,4,36,"3",1,57,6,140,21,14,20,110,3,37,0,
188,Hailfire Droid,4,8,4,0,"4",0,36,6,60,13,8,30,111,0,0,0,
189,Nute Gunray,4,9,4,52,"2",0,30,6,30,12,0,0,112,0,0,34,
190,Super Battle Droid,4,10,4,0,"2",0,10,6,20,12,2,20,63,0,0,0,
191,Super Battle Droid Commander,4,11,4,0,"2",0,19,6,40,14,4,30,113,0,0,35,
192,Abyssin Black Sun Thug,4,12,8,0,"2",0,8,6,20,11,4,10,114,0,0,0,
193,Acklay,4,13,8,0,"4",0,49,6,130,15,8,20,115,0,0,0,
194,ASP-7,4,14,8,0,"2",0,10,6,10,15,0,10,116,0,0,0,
195,B'omarr Monk,4,15,8,0,"2",0,32,6,40,15,4,20,117,0,0,0,
196,Dash Rendar,4,16,8,53,"2",0,21,6,60,16,5,20,118,0,0,0,
197,Dr. Evazan,4,17,8,54,"2",0,10,6,30,13,3,10,119,0,0,0,
198,Gonk Power Droid,4,18,8,0,"1",0,12,2,10,15,0,0,120,0,0,0,
199,Guri,4,19,8,55,"2",0,25,6,90,20,13,10,121,0,0,0,
200,Kaminoan Ascetic,4,20,8,0,"2",0,6,6,20,13,6,10,6,0,0,0,
201,"Lando Calrissian, Hero of Tanaab",4,21,8,18,"2",0,23,6,60,18,9,10,122,0,0,36,
202,Lobot,4,22,8,56,"2",0,27,6,20,11,0,0,123,0,0,0,
203,Nexu,4,23,8,0,"3",0,15,8,50,16,7,10,124,0,0,0,
204,Ponda Baba,4,24,8,57,"2",0,9,6,30,15,5,10,125,0,0,0,
205,Prince Xizor,4,25,8,58,"2",0,40,6,100,22,12,10,126,0,0,37,
206,Rancor,4,26,8,0,"4",0,33,8,100,18,8,20,127,0,0,0,
207,Reek,4,27,8,0,"4",0,51,6,200,17,12,20,128,0,0,0,
208,Rodian Black Sun Vigo,4,28,8,0,"2",0,24,6,40,18,5,10,129,0,0,0,
209,Shistavanen Pilot,4,29,8,0,"2",0,12,6,30,15,6,10,130,0,0,0,
210,Tusken Raider on Bantha,4,30,8,0,"4",0,22,6,90,18,5,20,131,0,0,0,
211,Vornskr,4,31,8,0,"2",0,27,6,70,18,10,10,132,0,0,0,
212,X-1 Viper Droid,4,32,8,0,"4",0,46,6,130,16,8,30,133,0,0,0,
213,AT-ST,4,33,6,0,"4",0,54,6,120,14,8,40,134,0,0,0,
214,Baron Fel,4,34,6,59,"2",0,18,6,50,16,9,10,135,0,0,38,
216,Dark Side Marauder,4,35,6,0,"2",1,22,6,90,18,10,20,7,2,23,0,
217,Dark Trooper Phase III,4,36,6,0,"3",0,25,6,80,17,10,20,136,0,0,0,
218,"Darth Vader, Jedi Hunter",4,37,6,8,"2",1,75,6,140,23,16,20,137,2,38,0,
219,Grand Admiral Thrawn,4,38,6,60,"2",0,37,6,80,18,12,10,138,0,0,39,
220,Nightsister Sith Witch,4,39,6,0,"2",1,17,6,60,16,8,20,139,3,39,0,
221,Noghri,4,40,6,0,"2",0,16,6,40,16,7,10,140,0,0,0,
222,Stormtrooper,4,41,6,0,"2",0,5,6,10,16,4,10,0,0,0,0,
223,Stormtrooper Commander,4,42,6,0,"2",0,15,6,40,18,8,10,18,0,0,40,
224,Admiral Ackbar,4,43,5,61,"2",0,21,6,70,14,4,10,141,0,0,41,
225,Bith Rebel,4,44,5,0,"2",0,5,6,10,13,3,10,142,0,0,0,
226,"Chewbacca, Rebel Hero",4,45,5,2,"2",0,30,6,120,17,9,20,143,0,0,0,
227,Dressellian Commando,4,46,5,0,"2",0,14,6,50,15,5,10,144,0,0,0,
228,"Han Solo, Rebel Hero",4,47,5,3,"2",0,35,6,90,19,11,20,145,1,0,42,
229,Luke Skywalker on Tauntaun,4,48,5,4,"3",1,16,8,60,17,8,10,105,3,40,0,
230,Nien Nunb,4,49,5,62,"1",0,17,6,50,15,8,20,0,0,0,0,
231,"Princess Leia, Rebel Hero",4,50,5,6,"2",0,14,14,60,15,8,10,0,2,0,43,
232,Wedge Antilles,4,51,5,63,"2",0,22,6,70,18,9,10,147,0,0,44,
233,Kyle Katarn,4,52,7,64,"2",1,31,6,120,18,12,10,147,2,0,0,
234,"Luke Skywalker, Jedi Master",4,53,7,4,"2",1,74,6,130,22,16,20,12,2,41,45,
235,New Republic Commander,4,54,7,0,"2",0,19,6,40,15,10,20,148,0,0,46,
236,New Republic Trooper,4,55,7,0,"2",0,10,6,10,13,7,20,149,0,0,0,
237,Young Jedi Knight,4,56,7,0,"2",1,21,6,60,18,11,20,7,2,42,0,
238,Nom Anor,4,57,9,65,"2",0,34,6,80,18,12,10,150,0,0,47,
239,Warmaster Tsavong Lah,4,58,7,66,"2",0,63,6,200,18,15,10,151,0,0,48,
240,Yuuzhan Vong Subaltern,4,59,9,0,"2",0,17,6,40,14,5,10,152,0,0,49,
241,Yuuzhan Vong Warrior,4,60,9,0,"2",0,8,6,30,13,3,10,153,0,0,0,
242,Bastila Shan,5,1,1,67,"2",1,46,6,110,19,13,20,12,4,43,0,
243,Jedi Consular,5,2,1,0,"2",1,16,6,60,18,9,20,7,3,44,0,
244,Jedi Guardian,5,3,1,0,"2",1,23,6,80,18,12,20,6,2,12,0,
245,Jedi Sentinel,5,4,1,0,"2",1,17,6,70,18,8,10,154,2,0,0,
246,Old Republic Commander,5,5,1,0,"2",0,18,6,40,14,10,10,0,0,0,50,
247,Old Republic Soldier ,5,6,1,0,"2",0,8,6,10,13,6,20,0,0,0,0,
248,Dark Jedi,5,7,2,0,"2",1,16,6,60,17,7,10,105,2,0,0,
249,Dark Jedi Master,5,8,2,0,"2",1,29,6,90,17,10,20,6,3,45,0,
250,Dark Side Enforcer,5,9,2,0,"2",0,26,6,80,16,9,20,6,1,0,0,
251,Darth Bane,2,10,2,68,"2",1,82,6,200,20,16,30,155,2,46,0,
252,Darth Malak,5,11,2,69,"2",1,52,6,120,20,15,20,52,4,47,51,
253,Darth Nihilus,5,12,2,70,"2",1,44,6,100,19,12,20,6,5,48,0,
254,Exar Kun,5,13,2,71,"2",1,84,6,180,23,19,20,12,3,49,52,
255,Massassi Sith Mutant,5,14,2,0,"2",0,15,6,60,15,11,20,156,0,0,0,
256,Sith Assault Droid,5,15,2,0,"2",0,36,6,60,17,9,20,157,0,0,0,
257,Sith Trooper,5,16,2,0,"2",0,8,6,10,14,5,20,0,0,0,0,
258,Sith Trooper,5,17,2,0,"2",0,8,6,10,14,5,20,0,0,0,0,
259,Sith Trooper Commander,5,18,2,0,"2",0,19,6,50,14,9,20,0,0,0,53,
260,Ulic Qel-Droma,5,19,2,72,"2",1,61,6,160,23,16,20,6,4,50,53,
261,Barriss Offee,5,20,3,73,"2",1,17,6,60,18,8,20,158,2,51,0,
262,Clone Commander Bacara,5,21,3,74,"2",0,23,6,40,14,10,20,159,0,0,54,
263,Clone Commander Cody,5,22,3,75,"2",0,20,6,40,14,10,20,160,0,0,55,
264,Clone Commander Gree,5,23,3,76,"2",0,18,8,40,13,10,20,161,0,0,56,
265,Depa Billaba,5,24,3,77,"2",1,29,6,90,19,13,20,162,3,52,0,
266,Even Piell,5,25,3,78,"1",1,29,6,90,19,14,20,163,4,53,0,
267,General Windu,5,26,3,27,"2",1,72,6,150,22,16,20,164,5,54,57,
268,Jedi Padawan,5,27,3,0,"2",1,13,6,50,16,6,20,7,2,0,0,
269,Jedi Weapon Master,5,28,3,0,"2",1,26,6,90,19,12,20,52,3,55,0,
270,Kashyyyk Trooper,5,29,3,0,"2",0,9,6,10,13,6,10,165,0,0,0,
271,Mas Amedda,5,30,3,79,"2",0,8,6,30,14,3,10,166,0,0,0,
272,Queen Amidala,5,31,3,28,"2",0,16,6,70,17,9,10,167,0,0,58,
273,"Qui-Gon Jinn, Jedi Master",5,32,3,30,"2",1,35,6,110,20,14,20,6,5,56,0,
274,Republic Commando - Boss,5,33,3,0,"2",0,19,6,30,17,9,20,168,0,0,59,
275,Republic Commando - Fixer,5,34,3,0,"2",0,16,6,30,17,9,20,169,0,0,0,
276,Republic Commando - Scorch,5,35,3,0,"2",0,16,6,30,17,9,20,170,0,0,0,
277,Republic Commando - Sev,5,36,3,0,"2",0,16,6,30,17,9,20,171,0,0,0,
278,Saleucami Trooper,5,37,3,0,"2",0,12,6,10,13,7,30,172,0,0,0,
279,Utupau Trooper,5,38,3,0,"2",0,10,6,10,13,6,10,173,0,0,0,
280,Crab Droid,5,39,4,0,"3",0,23,6,80,18,8,20,174,0,0,0,
281,"Darth Maul, Champion of the Sith",5,40,4,36,"2",1,53,6,150,20,13,20,175,3,57,0,
282,"Darth Sidious, Dark Lord of the Sith",5,41,4,9,"2",1,61,6,130,19,14,20,12,2,58,60,
283,Octupatarra Droid,5,42,4,0,"3",0,31,8,40,16,7,20,176,0,0,0,
284,Hoth Trooper with Atgar Cannon,5,43,5,0,"3",0,15,2,80,8,3,30,177,0,0,0,
285,"Luke Skywalker, Young Jedi",5,44,5,4,"2",1,21,6,80,18,9,20,6,3,59,0,
286,Yoda of Dagobah,5,45,5,33,"1",,36,6,120,20,0,0,178,2,60,61,
287,Coruscant Guard,5,46,6,0,"2",0,15,6,60,17,8,10,179,0,0,0,
288,Dark Trooper Phase I,5,47,6,0,"3",0,12,6,30,16,10,20,180,0,0,0,
289,Dark Trooper Phase II,5,48,6,0,"3",0,20,6,50,16,7,30,181,0,0,0,
290,"Darth Vader, Champion of the Sith",5,49,6,8,"2",1,50,6,140,22,15,20,6,4,61,62,
291,Sandtrooper,5,50,6,0,"2",0,8,6,10,16,4,20,0,0,0,0,
292,Snowtrooper with E-Web Blaster,5,51,6,0,"3",0,18,2,60,11,4,30,182,0,0,0,
293,Corran Horn,5,52,7,80,"2",1,39,6,120,20,13,20,183,3,62,0,
294,Jacen Solo,5,53,7,81,"2",1,25,6,60,18,12,20,184,4,63,0,
295,Jaina Solo,5,54,7,82,"2",1,25,6,70,19,10,20,185,3,8,0,
296,Arcona Smuggler,5,55,8,0,"2",0,7,6,10,13,2,10,186,0,0,0,
297,Gundark,5,56,8,0,"2",0,22,6,90,18,12,10,187,0,0,0,
298,HK-47,5,57,8,83,"2",0,32,6,60,18,10,30,188,0,0,0,
299,R5 Astromech Droid,5,58,8,0,"1",0,8,6,20,16,0,0,189,0,0,0,
300,Ugnaught Demolitionist,5,59,8,0,"1",0,3,6,10,12,0,10,190,0,0,0,
301,Varactyl Wrangler,5,60,8,0,"1",0,6,6,10,12,3,10,191,0,0,0,
302,ISP Speeder,6,1,3,0,"4",0,42,6,70,15,9,20,192,0,0,0,
303,Commerce Guild Homing Spider Droid,6,2,4,0,"4",0,32,8,70,14,9,30,193,0,0,0,
304,Corporate Alliance Tank Droid,6,3,4,0,"4",0,45,6,120,14,7,30,194,0,0,0,
305,Droid Starfighter in Walking Mode,6,4,4,0,"4",0,48,6,60,14,9,20,195,0,0,0,
306,Huge Crab Droid,6,5,4,0,"4",0,39,6,140,17,9,30,174,0,0,0,
307,Chewbacca with C-3P0,6,6,5,84,"2",0,31,6,110,17,8,20,196,0,0,0,
308,"Han Solo, Scoundrel",6,7,5,3,"2",0,46,6,80,17,9,20,197,1,0,0,
309,Luke Skywalker of Dagobah,6,8,5,4,"2",1,28,6,60,17,9,20,18,3,65,0,
310,"Princess Leia, Hoth Commander",6,9,5,6,"2",0,19,6,50,14,7,20,198,2,0,63,
311,Rebel Captain,6,10,5,0,"2",0,21,6,40,15,8,10,199,0,0,64,
312,Rebel Heavy Trooper,6,11,5,0,"2",0,11,6,10,12,6,30,13,0,0,0,
313,Rebel Snowspeeder,6,12,5,0,"4",0,38,16,60,16,8,20,200,0,0,0,
314,Lord Vader,6,13,6,8,"2",1,71,6,130,21,14,20,201,2,65,42,
315,Talon Karrde,6,14,7,85,"2",0,24,6,60,16,8,10,202,0,0,0,
316,Aqualish Assassin,6,15,8,0,"2",0,7,6,20,15,7,10,203,0,0,0,
317,Ayy Vida,6,16,8,86,"2",0,19,6,50,16,11,10,204,0,0,0,
318,Bib Fortuna,6,17,8,87,"2",0,8,6,20,12,4,10,205,0,0,0,
319,Bith Black Sun Vigo,6,18,8,0,"2",0,20,6,50,19,6,10,206,0,0,65,
320,"Boba Fett, Bounty Hunter",6,19,8,13,"2",0,62,6,120,20,12,20,207,0,0,0,
321,BoShek,6,20,8,89,"2",0,11,6,30,13,6,10,208,0,0,0,
322,"Bossk, Bounty Hunter",6,21,8,20,"2",0,25,6,60,17,8,20,209,0,0,0,
323,Boushh,6,22,8,89,"2",0,20,6,40,15,6,20,210,0,0,0,
324,Calo Nord,6,23,8,90,"2",0,31,6,60,18,9,20,211,0,0,0,
325,Corellian Pirate,8,24,8,0,"2",0,10,6,10,14,5,10,212,0,0,0,
326,Dannik Jerriko,6,25,8,91,"2",0,23,6,70,17,9,10,213,0,0,0,
327,Dark Hellion Marauder on Swoop Bike,6,26,8,0,"3",0,10,12,30,14,5,10,214,0,0,0,
328,Dark Hellion Swoop Gang Member,6,27,8,0,"2",0,5,6,10,13,3,10,215,0,0,0,
329,Defel Spy,6,28,8,0,"2",0,14,6,30,14,6,10,216,0,0,0,
330,"Dengar, Bounty Hunter",6,29,8,14,"2",0,30,6,50,17,9,30,217,0,0,0,
331,Djas Puhr,6,30,8,92,"2",0,19,6,40,14,6,10,218,0,0,0,
332,E522 Assassin Droid,6,31,8,0,"2",0,32,6,100,16,8,20,219,0,0,0,
333,"4-LOM, Bounty Hunter",6,32,8,15,"2",0,33,6,90,18,9,30,220,0,0,0,
334,Gamorrean Thug,6,33,8,0,"2",0,14,6,30,12,2,30,221,0,0,0,
335,Garindan,6,34,8,93,"2",0,12,6,30,13,5,10,222,0,0,0,
336,Human Blaster-for-Hire,6,35,8,0,"2",0,5,6,10,12,4,10,223,0,0,0,
337,"IG-88, Bounty Hunter",6,36,8,16,"2",0,44,6,80,19,9,20,224,0,0,0,
338,"Jango Fett, Bounty Hunter",6,37,8,39,"2",0,56,6,120,19,10,20,225,0,0,0,
339,Klatooinian Hunter,6,38,8,0,"2",0,11,6,10,12,3,30,226,0,0,0,
340,Komari Vosa,6,39,8,94,"2",1,47,6,80,18,9,20,227,3,66,0,
341,Mistryl Shadow Guard,6,40,8,0,"2",1,24,6,60,18,12,20,228,0,0,0,
342,Mustafarian Flea Rider,6,41,8,0,"4",0,22,8,70,16,6,20,229,0,0,0,
343,Mustafarian Soldier ,6,42,8,0,"2",0,12,6,10,12,4,20,230,0,0,0,
344,Nikto Gunner on Desert Skiff,6,43,8,0,"4",0,23,8,60,13,5,20,231,0,0,0,
345,Nym,6,44,8,95,"2",0,48,6,100,17,10,30,232,9,9,66,
346,Quarren Bounty Hunter,6,45,8,0,"2",0,11,6,20,14,5,20,233,0,0,0,
347,Rodian Hunt Master,6,46,8,0,"2",0,22,6,40,16,7,20,234,0,0,67,
348,Tamtel Skreej,6,47,8,18,"2",0,47,6,50,18,8,20,235,0,0,0,
349,Tusken Raider Sniper,6,48,8,0,"2",0,8,6,10,13,3,20,236,0,0,0,
350,Utapaun on Dactillon,6,49,8,0,"4",0,27,10,80,16,8,30,238,0,0,0,
351,Weequay Leader,6,50,8,0,"2",0,13,6,40,14,7,20,237,0,0,68,
352,Weequay Thug,6,51,8,0,"2",0,6,6,10,13,2,10,239,0,0,0,
353,Young Krayt Dragon,6,52,8,0,"4",0,50,8,140,17,12,30,240,0,0,0,
354,Zuckuss,6,53,8,96,"1",0,22,6,40,15,8,20,241,0,0,0,
355,Basilisk War Droid,6,54,10,0,"4",0,51,10,100,18,10,30,242,0,0,0,
356,Mandalore the Indomitable,6,55,10,97,"2",0,68,6,120,19,13,30,243,0,0,69,
357,Mandalorian Blademaster,6,56,10,0,"2",0,18,6,40,16,8,20,244,0,0,0,
358,Mandalorian Commander,6,57,10,0,"2",0,28,6,60,17,10,20,245,0,0,70,
359,Mandalorian Soldier,6,58,10,0,"2",0,16,6,40,16,8,10,246,0,0,0,
360,Mandalorian Supercommando,6,59,10,0,"2",0,23,6,60,17,10,30,44,0,0,0,
361,Mandalorian Warrior,6,60,10,0,"2",0,14,6,40,16,9,20,247,0,0,0,
362,"Quinlan Vos, Infiltrator",7,1,3,31,"2",1,34,6,110,19,14,20,248,3,12,0,
363,"Aurra Sing, Jedi Hunter",7,2,4,40,"2",1,41,6,130,20,12,10,249,2,6,0,
364,Biggs Darklighter,7,3,5,98,"2",0,26,6,50,15,12,10,250,0,0,0,
365,"Chewbacca, Enraged Wookiee",7,4,5,2,"2",0,34,6,160,13,10,30,251,0,0,0,
366,C-3P0 and R2-D2,7,5,5,99,"2",0,18,6,60,17,0,0,252,0,0,0,
367,Elite Hoth Trooper,7,6,5,0,"2",0,12,6,30,16,6,20,0,0,0,0,
368,"Han Solo, Rogue",7,7,5,3,"2",0,30,6,70,16,7,20,253,0,0,0,
369,Han Solo in Stormtrooper Armor,7,8,5,3,"2",0,25,6,80,19,8,20,254,0,0,71,
370,Han Solo on Tauntaun,7,9,5,3,"3",0,27,8,90,16,9,20,255,1,0,0,
371,Ithorian Commander,7,10,5,0,"2",0,11,6,30,12,6,20,7,0,0,72,
372,"Luke Skywalker, Champion of the Force",7,11,5,4,"2",1,49,6,110,20,13,20,256,2,67,0,
373,"Luke Skywalker, Hero of Yavin",7,12,5,4,"2",1,35,6,60,16,8,20,257,3,8,0,
374,Luke's Landspeeder,7,13,5,100,"3",1,47,10,140,18,12,20,258,6,68,0,
375,Mon Calamari Tech Specialist,7,14,5,0,"2",0,4,6,10,13,3,10,259,0,0,0,
376,"Obi-Wan Kenobi, Jedi Spirit",7,15,5,5,"2",0,8,2,0,0,0,0,260,0,0,0,
377,Princess Leia,7,16,5,6,"2",0,20,6,50,14,7,20,0,2,0,73,
378,Rebel Commando,7,17,5,0,"2",0,14,6,40,15,5,10,10,0,0,0,
379,Rebel Commando Strike Leader,7,18,5,0,"2",0,18,6,50,15,7,20,261,0,0,74,
380,Rebel Leader,7,19,5,0,"2",0,18,6,50,16,10,10,18,0,0,75,
381,Rebel Pilot,7,20,5,0,"2",0,10,6,20,14,7,10,1,0,0,0,
382,Rebel Trooper,7,21,5,0,"2",0,5,6,10,13,5,10,0,0,0,0,
383,Twi'Lek Rebel Agent,7,22,5,0,"2",0,9,6,10,15,2,10,262,0,0,0,
384,Wookiee Freedom Fighter,7,23,5,0,"2",0,14,6,50,14,7,10,163,0,0,0,
385,Admiral Piett,7,24,6,101,"2",0,20,6,50,15,5,10,264,0,0,76,
386,"Darth Vader, Imperial Commander",7,25,6,8,"2",1,53,6,140,23,15,20,6,5,69,77,
387,Death Star Gunner,7,26,6,0,"2",0,11,6,30,14,6,20,265,0,0,0,
388,Death Star Trooper,7,27,6,0,"2",0,6,6,10,14,6,10,0,0,0,0,
389,Heavy Stormtrooper,7,28,6,0,"2",0,12,6,20,16,6,30,13,0,0,0,
390,Imperial Governor Tarkin,7,29,6,11,"2",0,22,6,50,14,5,10,266,0,0,78,
391,Imperial Officer,7,30,6,0,"2",0,14,6,30,14,5,10,0,0,0,7,
392,Scout Trooper,7,31,6,0,"2",0,8,6,20,15,5,10,17,0,0,0,
393,Snowtrooper,7,32,6,0,"2",0,7,6,20,16,4,10,0,0,0,0,
394,Storm Commando,7,33,6,0,"2",0,17,6,40,17,6,10,267,0,0,0,
395,Stormtrooper,7,34,6,0,"2",0,5,6,10,16,4,10,0,0,0,0,
396,Stormtrooper Officer,7,35,6,0,"2",0,14,6,30,18,8,10,18,0,0,8,
397,Stormtrooper on Repulsor Sled,7,36,6,0,"3",0,14,12,20,18,5,20,268,0,0,0,
398,"Mara Jade, Jedi",7,37,7,12,"2",1,45,6,110,20,12,10,269,4,70,0,
399,"Boba Fett, Enforcer",7,38,8,13,"2",0,38,6,100,19,11,20,270,0,0,0,
400,Chadra-Fan Pickpocket,7,39,8,0,"1",0,7,6,10,14,4,10,271,0,0,0,
401,Duros Explorer,7,40,8,0,"2",0,7,6,10,14,4,10,272,0,0,0,
402,Ephant Mon,7,41,8,102,"3",0,11,4,40,14,5,20,25,0,0,79,
403,Ewok Hang Glider,7,42,8,0,"2",0,7,6,10,13,2,10,273,0,0,0,
404,Ewok Warrior,7,43,8,0,"1",0,5,6,10,12,2,10,274,0,0,0,
405,Gamorrean Guard,7,44,8,0,"2",0,9,6,30,12,4,20,25,0,0,0,
406,Human Force Adept,7,45,8,0,"2",0,10,6,40,15,4,10,7,3,71,0,
407,"Jabba, Crime Lord",7,46,8,17,"3",0,15,2,80,17,7,20,275,0,0,80,
408,Jawa on Ronto,7,47,8,0,"3",0,11,6,50,14,4,10,276,0,0,0,
409,Jawa Trader,7,48,8,0,"1",0,9,6,10,12,4,10,277,0,0,0,
410,"Lando Calrissian, Dashing Scoundrel",7,49,8,18,"2",0,18,6,50,17,8,20,278,0,0,0,
411,Nikto Soldier,7,50,8,0,"2",0,5,6,10,14,2,10,44,0,0,0,
412,Rampaging Wampa,7,51,8,0,"3",0,22,6,70,14,11,20,279,0,0,0,
413,Rodian Scoundrel,7,52,8,0,"2",0,14,6,20,15,3,10,280,0,0,0,
414,Snivvian Fringer,7,53,8,0,"1",0,6,6,10,15,4,10,22,0,0,0,
415,Talz Spy,7,54,8,0,"3",0,12,6,40,14,5,10,281,0,0,0,
416,Trandoshan Mercenary,7,55,8,0,"2",0,9,6,20,15,4,20,282,0,0,0,
417,Tusken Raider,7,56,8,0,"2",0,4,6,10,13,5,10,25,0,0,0,
418,Wicket,7,57,8,103,"1",0,8,6,20,16,6,10,283,0,0,0,
419,"Advance Agent, Officer",7,58,9,0,"2",0,11,6,30,14,5,10,284,0,0,81,
420,Advance Scout,7,59,9,0,"2",0,6,6,10,13,2,10,285,0,0,0,
421,Yomin Carr,7,60,9,104,"2",0,19,6,60,15,7,10,286,0,0,82,
422,Darth Revan,8,1,2,105,"2",1,88,6,140,21,16,20,287,2,72,83,
423,Kazdan Paratus,8,2,3,106,"1",1,55,6,110,18,12,20,288,3,73,0,
424,"Shaak Ti, Jedi Master",8,3,3,45,"2",1,47,6,130,20,13,20,289,2,74,0,
425,Chewbacca of Hoth,8,4,5,2,"2",0,22,6,100,17,8,20,290,0,0,0,
426,Elite Hoth Trooper,8,5,5,0,"2",0,12,6,30,16,6,20,0,0,0,0,
427,Golan Arms DF.9 Anti-Infantry Battery,8,6,5,0,"4",0,26,0,120,12,10,20,291,0,0,0,
428,Han Solo in Carbonite,8,7,5,3,"2",0,0,0,0,0,0,0,292,0,0,0,
429,Han Solo of Hoth,8,8,5,3,"2",0,33,6,80,18,8,20,293,0,0,0,
430,Hoth Trooper Officer,8,9,5,0,"2",0,17,6,40,17,7,10,135,0,0,84,
431,Hoth Trooper with Repeating Blaster Cannon,8,10,5,0,"3",0,21,1,60,14,8,20,294,0,0,0,
432,Juno Eclipse,8,11,5,107,"2",0,8,6,40,13,5,10,295,0,0,0,
433,K-3P0,8,12,5,108,"2",0,20,6,60,17,0,0,296,0,0,85,
434,"Luke Skywalker, Hoth Pilot Unleashed",8,13,5,8,"2",1,28,6,80,19,11,20,297,2,75,0,
435,Luke Skywalker and Yoda,8,14,5,109,"2",1,70,6,150,20,13,20,298,3,76,0,
436,Luke's Snowspeeder,8,15,5,4,"4",0,45,16,90,20,12,20,299,4,0,0,
437,Master Kota,8,16,5,110,"2",1,55,6,130,23,12,20,300,2,77,86,
438,Mon Calamari Medic,8,17,5,0,"2",0,8,6,10,12,0,10,301,0,0,0,
439,"Obi-Wan Kenobi, Unleashed",8,18,5,5,"2",1,44,6,110,20,15,20,6,2,78,0,
440,Princess Leia of Cloud City,8,19,5,6,"2",0,14,6,60,16,8,20,0,2,79,0,
441,Rebel Marksman,8,20,5,0,"2",0,15,6,10,12,6,20,302,0,0,0,
442,Rebel Troop Cart,8,21,5,0,"4",0,15,8,50,18,0,0,303,0,0,0,
443,Rebel Vanguard,8,22,5,0,"2",0,11,6,10,12,4,10,304,0,0,0,
444,"2-1B",8,23,5,0,"2",0,17,6,30,15,2,10,305,0,0,0,
445,"Vader's Apprentice, Redeemed",8,24,5,111,"2",1,48,6,130,22,11,20,6,2,80,0,
446,Verpine Tech,8,25,5,0,"2",0,12,6,20,15,3,10,306,0,0,0,
447,"Wedge Antilles, Red Two",8,26,5,63,"2",0,13,6,50,17,8,10,307,0,0,0,
448,Wookiee Warrior,8,27,5,0,"2",0,13,6,40,13,6,20,308,0,0,0,
449,Admiral Ozzel,8,28,6,112,"2",0,11,6,40,14,4,10,309,0,0,30,
450,AT-AT Driver,8,29,6,0,"2",0,11,6,40,15,4,20,310,0,0,0,
451,Darktrooper,8,30,6,0,"2",0,14,6,20,16,8,20,311,0,0,0,
452,"Darth Vader, Unleashed",8,31,6,8,"2",1,50,6,140,23,15,20,312,2,81,0,
453,Emperor's Shadow Guard,8,32,6,0,"2",1,23,6,90,19,8,20,313,1,19,0,
454,Evo Trooper,8,33,6,0,"2",0,13,6,30,16,7,20,314,0,0,0,
455,Felucian Stormtrooper Officer,8,34,6,0,"2",0,16,6,30,18,8,10,18,0,0,87,
456,Gotal Imperial Assassin,8,35,6,0,"2",0,21,6,40,14,7,10,315,0,0,0,
457,Imperial Navy Trooper,8,36,6,0,"2",0,6,6,10,13,6,10,316,0,0,0,
458,Raxus Prime Trooper,8,37,6,0,"2",0,5,6,10,15,5,10,317,0,0,0,
459,Snowtrooper,8,38,6,0,"2",0,7,6,20,16,4,10,0,0,0,0,
460,Star Destroyer Officer,8,39,6,0,"2",0,12,6,30,13,4,10,0,0,0,88,
461,Stormtrooper,8,40,6,0,"2",0,5,6,10,16,4,10,0,0,0,0,
462,TIE Crawler,8,41,6,0,"4",0,42,6,80,16,10,20,318,0,0,0,
463,"Vader's Apprentice, Unleashed",8,42,6,111,"2",1,48,6,130,20,13,20,6,2,82,0,
464,Wookiee Hunter AT-ST,8,43,6,0,"4",0,58,6,120,14,8,40,319,0,0,0,
465,Garm Bel Iblis,8,44,7,113,"2",0,45,6,70,16,9,10,320,0,0,89,
466,Amanin Scour,8,45,8,0,"2",0,13,6,40,15,7,20,321,0,0,0,
467,"Boba Fett, Mercenary",8,46,8,13,"2",0,58,6,110,19,10,20,322,0,0,0,
468,Caamasi Noble,8,47,8,0,"2",0,5,6,10,12,0,0,323,0,0,0,
469,Cloud Car Pilot,8,48,8,0,"2",0,8,6,10,13,5,20,324,0,0,0,
470,Felucian Warrior on Rancor,8,49,8,0,"4",0,52,8,140,20,11,20,325,2,0,0,
471,Junk Golem,8,50,8,0,"4",0,23,8,80,14,8,20,326,0,0,0,
472,Knobby White Spider,8,51,8,0,"4",0,38,8,110,18,8,20,327,0,0,0,
473,Maris Brood,8,52,8,114,"2",1,49,6,110,19,9,20,227,2,83,0,
474,Muun Tactics Broker,8,53,8,0,"2",0,8,6,10,11,3,10,328,0,0,0,
475,Mynock,8,54,8,0,"2",0,5,6,10,13,0,10,329,0,0,0,
476,PROXY,8,55,8,115,"2",1,41,6,120,12,1,10,330,1,19,0,
477,Telosian Tank Droid,8,56,8,0,"4",0,38,6,90,15,9,20,331,0,0,0,
478,Uggernaut,8,57,8,0,"4",0,34,6,100,16,6,20,332,0,0,0,
479,Ugnaught Boss,8,58,8,0,"1",0,15,6,30,14,2,10,333,0,0,90,
480,Ugnaught Tech,8,59,8,0,"1",0,7,6,10,12,0,10,334,0,0,0,
481,Rebel Trooper on Tauntaun,8,60,5,0,"3",0,13,8,40,13,6,10,336,0,0,0,
482,Nomi Sunrider,9,1,1,116,"2",1,41,6,100,19,12,20,163,2,84,91,
483,Old Republic Recruit,9,2,1,0,"2",0,5,6,10,13,5,10,0,0,0,0,
484,Old Republic Scout,9,3,1,0,"2",0,10,6,10,12,4,10,336,0,0,0,
485,Darth Caedus,9,4,2,81,"2",1,60,6,110,20,13,20,337,2,85,0,
486,Darth Krayt,9,5,2,117,"2",1,76,6,130,21,14,20,338,2,86,57,
487,Darth Nihl,9,6,2,118,"2",1,42,6,120,20,12,20,339,4,97,92,
488,Darth Talon,9,7,2,119,"2",1,56,6,110,20,11,20,340,1,88,0,
489,"Lumiya, the Dark Lady",9,8,2,120,"2",1,53,6,140,20,12,20,341,4,89,0,
490,Republic Commando Training Sergeant,9,9,3,0,"2",0,30,6,30,15,10,20,342,0,0,93,
491,"Darth Tyranus, Legacy of the Dark Side",9,10,4,35,"2",1,49,6,120,21,15,20,52,2,90,0,
492,Bothan Noble,9,11,5,0,"2",0,17,6,30,15,5,10,82,0,0,94,
493,Deena Shan,9,12,5,121,"2",0,12,6,30,18,5,10,343,0,0,0,
494,Elite Rebel Commando,9,13,5,0,"2",0,16,6,50,16,7,10,343,0,0,0,
495,General Dodonna,9,14,5,122,"2",0,9,6,30,13,3,10,345,0,0,95,
496,"Luke Skywalker, Legacy of the Light Side",9,15,5,4,"2",1,39,6,70,19,9,20,346,2,91,0,
497,Rebel Honor Guard,9,16,5,0,"2",0,10,6,20,14,6,10,347,0,0,0,
498,Twi'lek Scout,9,17,5,0,"2",0,7,6,20,16,5,10,348,0,0,0,
499,Antares Draco,9,18,6,123,"2",1,33,6,100,20,10,20,349,4,92,0,
500,Emperor Roan Fel,9,19,6,124,"2",1,57,6,100,20,12,20,350,4,19,17,
501,Imperial Knight,9,20,6,0,"2",1,22,6,70,18,9,20,351,2,19,0,
502,Imperial Knight,9,21,6,0,"2",1,22,6,70,18,9,20,351,2,19,0,
503,Imperial Pilot,9,22,6,0,"2",0,8,6,10,14,3,10,352,0,0,0,
504,Imperial Security Officer,9,23,6,0,"2",0,20,6,50,18,8,20,353,0,0,0,
505,Jagged Fel,9,24,6,125,"2",0,10,6,60,17,8,10,354,0,0,96,
506,Marasiah Fel,9,25,6,126,"2",1,22,6,70,16,7,20,6,2,93,0,
507,Moff Morlish Veed,9,26,6,127,"2",0,11,6,50,14,4,10,0,0,0,97,
508,Moff Nyna Calixte,9,27,6,128,"2",0,18,6,40,14,5,10,355,0,0,98,
509,Noghri Commando,9,28,6,0,"2",0,23,6,60,17,8,20,356,0,0,0,
510,Shadow Stormtrooper,9,29,6,0,"2",0,13,6,20,16,8,20,357,0,0,0,
511,Corellian Security Officer,9,30,7,0,"2",0,22,6,40,16,6,10,359,0,0,99,
512,Galactic Alliance Scout,9,31,7,0,"2",0,13,6,10,13,5,10,359,0,0,0,
513,Galactic Alliacnce Trooper,9,32,7,0,"2",0,11,6,10,17,7,10,365,0,0,0,
514,"Han Solo, Galactic Hero",9,33,7,3,"2",0,50,6,90,19,10,20,360,0,0,0,
515,"Kyle Katarn, Jedi Battlemaster",9,34,7,64,"2",1,54,6,140,20,14,20,361,4,94,0,
516,"Leia Organa Solo, Jedi Knight",9,35,7,6,"2",1,40,6,100,19,10,20,6,2,95,0,
517,"Luke Skywalker, Force Spirit",9,36,7,4,"2",0,10,4,0,0,0,0,260,0,0,0,
518,Mara Jade Skywalker,9,37,7,12,"2",1,49,6,120,20,13,20,362,1,96,0,
519,Shadow Vao,9,38,7,129,"2",1,48,6,100,22,13,20,363,2,97,0,
520,Wolf Sazen,9,39,7,130,"2",1,39,6,100,21,10,20,364,4,98,0,
521,"Cade Skywalker, Bounty Hunter",9,40,8,131,"2",1,61,6,110,20,12,20,366,5,99,0,
522,Deliah Blue,9,41,8,132,"2",0,33,6,60,17,7,20,367,0,0,0,
523,Dug Fringer,9,42,8,0,"2",0,11,6,30,15,5,10,368,0,0,0,
524,Duros Scoundrel,9,43,8,0,"2",0,12,6,10,14,6,10,369,0,0,0,
525,Gotal Mercenary,9,44,8,0,"2",0,13,6,30,14,7,20,375,0,0,0,
526,Guard Droid,9,45,8,0,"2",0,30,6,80,17,7,20,370,0,0,0,
527,Human Bodyguard,9,46,8,0,"2",0,11,6,40,14,3,10,39,0,0,0,
528,Human Scoundrel,9,47,8,0,"2",0,12,6,10,13,5,10,371,0,0,0,
529,Human Scout,9,48,8,0,"2",0,8,6,10,14,4,10,372,0,0,0,
530,Jariah Syn,9,49,8,133,"2",0,24,6,60,16,6,20,373,0,0,0,
531,Kel Dor Bounty Hunter,9,50,8,0,"2",0,13,6,40,15,12,10,374,0,0,0,
532,Rodian Blaster-for-Hire,9,51,8,0,"2",0,13,6,10,15,5,20,135,0,0,0,
533,Trandoshan Mercenary,9,52,8,0,"2",0,9,6,20,15,4,20,376,0,0,0,
534,"Boba Fett, Mercenary Commander",9,53,10,13,"2",0,57,6,120,20,13,20,377,0,0,100,
535,Canderous Ordo,9,54,10,134,"2",0,48,6,120,17,10,30,378,0,0,0,
536,Mandalorian Gunslinger,9,55,10,0,"2",0,17,6,50,17,9,10,379,0,0,0,
537,Mandalorian Trooper,9,56,10,0,"2",0,14,6,40,16,8,10,381,0,0,0,
538,Yuuzhan Vong Elite Warrior,9,57,9,0,"2",0,14,6,50,15,7,10,381,0,0,0,
539,Yuuzhan Vong Jedi Hunter,9,58,9,0,"2",0,20,6,70,16,9,10,382,0,0,0,
540,Yuuzhan Vong Shaper,9,59,9,0,"2",0,21,6,50,15,5,20,383,0,0,0,
541,Yuuzhan Vong Warrior,9,60,9,0,"2",0,8,6,30,13,3,10,384,0,0,0,
542,Atton Rand,10,1,1,135,"2",0,26,6,60,16,8,10,385,1,0,0,
543,Bao-Dur,10,2,1,136,"2",0,33,6,90,17,7,20,386,0,0,0,
544,Carth Onasi,10,3,1,137,"2",0,37,6,70,16,7,10,387,0,0,0,
545,Juggernaut War Droid,10,4,1,0,"2",0,16,6,60,17,7,20,388,0,0,0,
546,Master Lucien Draay,10,5,1,138,"2",1,48,6,130,20,15,20,52,1,100,0,
547,Mira,10,6,1,139,"2",0,47,6,80,18,12,20,389,2,79,0,
548,Old Republic Captain,10,7,1,0,"2",0,19,6,40,16,8,20,18,0,0,101,
549,Old Republic Guard,10,8,1,0,"2",0,5,6,10,14,5,10,390,0,0,0,
550,Squint,10,9,1,69,"2",1,20,6,70,16,9,20,391,3,101,0,
551,Visas Marr,10,10,1,140,"2",1,29,6,90,19,10,20,392,3,102,0,
552,Wookiee Elite Warrior,10,11,1,0,"2",0,19,6,50,18,9,20,393,0,0,0,
553,Wookiee Trooper,10,12,1,0,"2",0,11,6,30,15,7,20,247,0,0,0,
554,"Darth Malak, Dark Lord of the Sith",10,13,2,69,"2",1,49,6,130,20,16,20,394,2,103,102,
555,Darth Sion,10,14,2,141,"2",1,69,6,110,17,11,20,52,5,104,0,
556,Elite Sith Trooper,10,15,2,0,"2",0,13,6,40,17,7,20,0,0,0,0,
557,Sith Assassin,10,16,2,0,"2",0,21,6,60,17,8,20,395,0,0,0,
558,Sith Guard,10,17,2,0,"2",0,5,6,10,14,4,10,396,0,0,0,
559,Sith Heavy Assault Droid,10,18,2,0,"3",0,49,6,110,16,10,20,397,0,0,0,
560,Sith Marauder,10,19,2,0,"2",1,22,6,80,18,11,20,6,2,105,0,
561,Sith Operative,10,20,2,0,"2",0,10,6,10,14,4,10,398,0,0,0,
562,Sith Trooper Captain,10,21,2,0,"2",0,20,6,40,14,8,20,18,0,0,103,
563,Captain Panaka,10,22,3,142,"2",0,23,6,70,16,8,10,399,0,0,104,
564,Captain Tarpals,10,23,3,143,"2",0,20,6,50,18,6,10,7,0,0,105,
565,Gungan Artillerist,10,24,3,0,"2",0,11,6,30,15,4,10,400,0,0,0,
566,Gungan Shieldbearer,10,25,3,0,"2",0,18,6,30,19,5,10,401,0,0,0,
567,Gungan Soldier,10,26,3,0,"2",0,9,6,10,16,3,10,402,0,0,0,
568,Jar Jar Binks,10,27,3,144,"2",0,18,6,60,17,2,10,403,0,0,0,
569,"Obi-Wan Kenobi, Padawan",10,28,3,5,"2",1,22,6,70,17,10,20,404,3,106,0,
570,Supreme Chancellor Palpatine,10,29,3,9,"2",0,37,6,70,14,0,0,405,2,107,106,
571,"Han Solo, Smuggler",10,30,5,3,"2",0,27,6,70,16,10,20,406,0,0,0,
572,"Leia Organa, Senator",10,31,5,6,"2",0,7,6,40,15,7,10,323,1,0,0,
573,"Luke Skywalker, Jedi",10,32,5,4,"2",1,29,6,90,18,10,20,407,2,108,0,
574,"Darth Vader, Scourge of the Jedi",10,33,6,8,"2",1,55,6,120,21,14,20,408,4,109,0,
575,RA-7 Death Star Protocol Droid,10,34,6,0,"2",0,6,6,30,15,3,10,409,0,0,0,
576,General Wedge Antilles,10,35,7,63,"2",0,23,6,80,18,8,10,410,0,0,107,
577,ASN Assassin Droid,10,36,8,0,"2",0,27,6,50,18,8,20,411,0,0,0,
578,Boma,10,37,8,0,"3",0,22,6,100,13,10,20,412,0,0,0,
579,Czerka Scientist,10,38,8,0,"2",0,13,6,10,13,1,10,413,0,0,0,
580,Echani Handmaiden,10,39,8,0,"2",0,23,6,40,15,7,10,414,0,0,0,
581,GenoHaradan Assassin,10,40,8,0,"2",0,21,6,60,20,8,10,415,0,0,0,
582,Jarael,10,41,8,145,"2",0,23,8,70,19,10,10,416,2,0,0,
583,Jawa Scout,10,42,8,0,"1",0,10,6,30,16,6,10,417,0,0,0,
584,Jolee Bindo,10,43,8,146,"2",1,23,6,80,19,9,20,418,4,110,0,
585,Juhani,10,44,8,147,"2",1,25,6,80,17,9,20,419,3,111,0,
586,Kreia,10,45,8,148,"2",1,43,6,100,20,11,20,420,4,112,0,
587,Massiff,10,46,8,0,"2",0,10,8,40,16,9,20,421,0,0,0,
588,Mission Vao,10,47,8,149,"2",0,27,6,60,18,8,20,422,0,0,0,
589,Rakghoul,10,48,8,0,"2",0,16,6,30,17,5,10,423,0,0,0,
590,Shyrack,10,49,8,0,"3",0,19,6,70,16,6,20,424,0,0,0,
591,T1 Series Bulk Loader Droid,10,50,8,0,"3",0,21,6,140,15,8,40,425,0,0,0,
592,T3-M4,10,51,8,150,"2",0,17,6,30,17,5,10,426,0,0,0,
593,Tusken Raider Scout,10,52,8,0,"2",0,11,6,30,15,8,20,427,0,0,0,
594,Zaalbar,10,53,8,151,"2",0,53,6,100,16,7,20,429,0,0,0,
595,Zayne Carrick,10,54,8,152,"2",1,24,6,70,18,7,20,429,1,113,0,
596,Mandalore the Ultimate,10,55,10,153,"2",0,75,6,130,19,12,30,430,0,0,107,
597,Mandalorian Captain,10,56,10,0,"2",0,23,6,50,18,8,20,431,0,0,108,
598,Mandalorian Commando,10,57,10,0,"2",0,13,6,50,17,8,20,17,0,0,0,
599,Mandalorian Marauder,10,58,10,0,"2",0,15,6,40,18,9,20,432,0,0,0,
600,Mandalorian Quartermaster,10,59,10,0,"2",0,26,6,70,18,9,20,433,0,0,109,
601,Mandalorian Scout,10,60,10,0,"2",0,19,6,50,17,8,10,434,0,0,0,
602,Darth Sidious Hologram,11,1,2,9,"2",0,11,6,20,20,0,0,0,0,0,110,
603,Ahsoka Tano,11,2,3,154,"2",1,20,6,60,20,7,20,435,3,8,0,
604,"Anakin Skywalker, Champion of Nelvaan",11,3,3,8,"2",1,49,6,120,19,12,20,436,2,114,0,
605,Anakin Skywalker on STAP,11,4,3,8,"2",1,35,6,80,17,7,20,437,4,8,0,
606,ARC Trooper Sniper,11,5,3,0,"2",0,16,6,30,17,10,20,438,0,0,0,
607,"Barriss Offee, Jedi Knight",11,6,3,73,"2",1,30,6,80,19,9,20,439,2,115,0,
608,Captain Rex,11,7,3,155,"2",0,33,6,70,16,12,20,440,0,0,111,
609,Clone Trooper on Gelagrub,11,8,3,0,"3",0,24,6,80,16,10,30,40,0,0,0,
610,Commander Gree,11,9,3,76,"2",0,20,6,60,14,11,30,40,0,0,112,
611,Elite Clone Trooper Commander,11,10,3,0,"2",0,15,6,30,18,10,10,40,0,0,113,
612,Elite Clone Trooper Grenadier,11,11,3,0,"2",0,13,6,20,14,8,20,441,0,0,0,
613,Galactic Marine,11,12,3,0,"2",0,13,6,20,14,8,20,443,0,0,0,
614,General Aayla Secura,11,13,3,21,"2",1,50,6,100,22,12,20,444,4,116,114,
615,Heavy Clone Trooper,11,14,3,0,"2",0,13,6,20,14,9,30,172,0,0,0,
616,Mon Calamari Knight ,11,15,3,0,"2",0,14,6,40,20,6,20,7,0,0,0,
617,Odd Ball,11,16,3,156,"2",0,17,6,40,14,10,10,445,0,0,115,
618,"Padme Amidala, Senator",11,17,3,28,"2",0,23,6,70,17,9,10,446,0,0,116,
619,Star Corps Trooper,11,18,3,0,"2",0,15,6,30,15,9,20,447,0,0,0,
620,Wookiee Scoundrel,11,19,3,0,"2",0,11,6,30,14,6,20,448,0,0,0,
621,Yoda on Kybuck,11,20,3,33,"2",1,51,10,160,20,14,20,449,5,117,0,
622,Battle Droid,11,21,4,0,"2",0,4,6,10,9,0,10,49,0,0,0,
623,Battle Droid,11,22,4,0,"2",0,4,6,10,9,0,10,49,0,0,0,
624,Battle Droid Sniper,11,23,4,0,"2",0,10,6,10,9,5,20,450,0,0,0,
625,Chameleon Droid,11,24,4,0,"3",0,26,6,60,16,6,20,451,0,0,0,
626,"Durge, Jedi Hunter",11,25,4,37,"2",0,51,6,110,19,9,20,452,0,0,0,
627,"General Grievous, Droid Army Commander",11,26,4,38,"2",1,57,6,100,19,8,20,453,0,0,117,
628,Heavy Super Battle Droid,11,27,4,0,"2",0,14,6,30,14,3,30,113,0,0,0,
629,IG-100 MagnaGuard,11,28,4,0,"2",0,16,6,60,18,8,20,454,0,0,0,
630,Neimoidian Warrior,11,29,4,0,"2",0,16,6,40,15,9,20,94,0,0,0,
631,Quarren Isolationist,11,30,4,0,"2",0,9,6,30,14,6,20,455,0,0,0,
632,Rocket Battle Droid,11,31,4,0,"2",0,6,6,10,12,2,10,181,0,0,0,
633,Super Battle Droid,11,32,4,0,"2",0,10,6,20,12,2,20,63,0,0,0,
634,Techno Union Warrior,11,33,4,0,"2",0,13,6,10,16,6,20,456,0,0,0,
635,Aqualish Warrior,11,34,8,0,"2",0,12,6,40,15,6,20,457,0,0,0,
636,Gha Nachkt,11,35,8,157,"2",0,12,6,30,13,3,10,458,0,0,0,
637,Human Soldier of Fortune,11,36,8,0,"2",0,14,6,40,17,8,20,459,0,0,0,
638,IG-86 Assassin Droid,11,37,8,0,"2",0,17,6,60,18,9,20,460,0,0,0,
639,Nelvaanian Warrior,11,38,8,0,"2",0,9,6,20,18,5,10,461,0,0,0,
640,Trandoshan Scavenger,11,39,8,0,"2",0,11,6,30,16,7,20,462,0,0,0,
641,Utapaun Warrior,11,40,8,0,"2",0,14,6,50,20,7,10,25,0,0,0,
642,Bothan Commando,12,1,5,0,"2",0,16,6,40,16,6,20,463,0,0,0,
643,"C-3P0, Ewok Deity",12,2,5,1,"2",0,5,0,30,16,0,0,464,0,0,0,
644,General Crix Madine,12,3,5,158,"2",0,16,6,50,15,6,10,465,0,0,118,
645,General Rieekan,12,4,5,159,"2",0,14,6,50,15,9,10,264,0,0,119,
646,"Leia, Bounty Hunter",12,5,5,6,"2",0,26,6,70,17,9,20,466,2,79,0,
647,"Luke Skywalker, Rebel Commando",12,6,5,4,"2",1,27,6,70,18,8,20,467,4,118,0,
648,Rebel Commando Pathfinder,12,7,5,0,"2",0,11,6,50,16,7,10,468,0,0,0,
649,Rebel Trooper,12,8,5,0,"2",0,5,6,10,13,5,10,0,0,0,0,
650,R2-D2 with Extended Sensor,12,9,5,7,"1",0,9,6,30,15,0,0,469,0,0,0,
651,Veteran Rebel Commando,12,10,5,0,"2",0,14,6,50,16,6,20,470,0,0,0,
652,Arica,12,11,6,12,"2",0,31,6,70,18,9,10,471,3,6,0,
653,"Darth Vader, Legacy of the Force",12,12,6,8,"2",1,71,6,140,23,16,20,472,2,119,120,
654,Emperor Palpatine on Throne,12,13,6,9,"3",0,33,0,130,21,0,0,473,3,120,4,
655,Imperial Dignitary,12,14,6,0,"2",0,5,6,10,12,0,10,474,0,0,0,
656,Moff Jerjerrod,12,15,6,160,"2",0,12,6,50,15,8,10,475,0,0,121,
657,"181st Imperial Pilot",12,16,6,0,"2",0,12,6,20,16,7,10,476,0,0,0,
658,Sandtrooper,12,17,6,0,"2",0,8,6,10,16,4,20,0,0,0,0,
659,Sandtrooper Officer,12,18,6,0,"2",0,20,6,50,18,8,30,0,0,0,122,
660,Scout Trooper,12,19,6,0,"2",0,8,6,20,15,5,10,17,0,0,0,
661,Shock Trooper,12,20,6,0,"2",0,13,6,20,16,6,10,477,0,0,0,
662,Snowtrooper,12,21,6,0,"2",0,7,6,20,16,4,10,0,0,0,0,
663,Snowtrooper Commander,12,22,6,0,"2",0,14,6,40,18,8,20,0,0,0,123,
664,Stormtrooper,12,23,6,0,"2",0,5,6,10,16,4,10,0,0,0,0,
665,Thrawn (Mitth'raw'nuruodo),12,24,6,60,"2",0,32,6,70,18,11,10,478,0,0,124,
666,Kyp Durron,12,25,7,161,"2",1,26,6,90,17,10,20,479,4,121,0,
667,Bacta Tank,12,26,8,0,"3",0,15,0,40,8,0,0,480,0,0,0,
668,Bespin Guard,12,27,8,0,"2",0,5,6,10,12,3,10,20,0,0,0,
669,Chiss Mercenary,12,28,8,0,"2",0,14,6,40,15,6,30,99,0,0,0,
670,"Dash Rendar, Renegade Smuggler",12,29,8,53,"2",0,28,6,70,15,6,10,481,0,0,0,
671,Duros Scout,12,30,8,0,"2",0,7,6,10,15,4,10,94,0,0,0,
672,Ewok Scout,12,31,8,0,"1",0,6,6,10,16,4,10,482,0,0,0,
673,Jawa Scavenger,12,32,8,0,"1",0,13,6,10,15,4,10,483,0,0,0,
674,"Lobot, Computer Liaison Officer",12,33,8,56,"2",0,15,6,30,12,0,0,484,0,0,0,
675,"Logray, Ewok Shaman",12,34,8,162,"1",0,12,6,30,15,5,10,485,2,122,0,
676,Mercenary Commander,12,35,8,0,"2",0,24,6,50,16,7,20,486,0,0,125,
677,Mouse Droid,12,36,8,0,"1",0,3,6,10,20,0,0,487,0,0,0,
678,Twi'lek Black Sun Vigo,12,37,8,0,"2",0,18,6,40,18,9,10,488,0,0,126,
679,Ugnaught Droid Destroyer,12,38,8,0,"1",0,7,6,20,16,8,10,489,0,0,0,
680,Whipid Tracker,12,39,8,0,"2",0,15,6,40,16,7,10,490,0,0,0,
681,Xizor,12,40,8,58,"2",0,30,6,90,21,11,10,491,0,0,127,
682,Elite AT-AT Driver,12,41,6,0,"2",0,12,6,50,16,7,10,492,0,0,0,
683,Jedi Battlemaster,13,1,1,0,"2",1,27,6,110,19,11,20,52,4,123,0,
684,Jedi Crusader,13,2,1,0,"2",1,23,6,80,18,10,20,493,3,92,0,
685,The Jedi Exile,13,3,1,163,"2",1,49,6,120,20,14,20,494,2,124,128,
686,Vodo-Siosk Baas,13,4,1,164,"2",1,44,6,120,22,15,20,495,5,125,0,
687,"Darth Maul, Sith Apprentice",13,5,2,36,"2",1,43,6,110,20,11,20,43,2,126,0,
688,Darth Plagueis,13,6,2,2,"2",1,63,6,120,20,13,20,496,2,127,0,
689,"Darth Sidious, Sith Master",13,7,2,9,"2",1,57,6,120,19,15,20,12,2,128,129,
690,Krath War Droid,13,8,2,0,"2",0,18,6,40,18,11,20,497,0,0,0,
691,Naga Sadow,13,9,2,166,"2",0,64,6,140,21,14,20,498,2,129,0,
692,Sith Apprentice,13,10,2,0,"2",1,22,6,80,17,10,20,6,3,130,0,
693,Sith Lord,13,11,2,0,"2",1,23,6,90,18,9,20,6,4,131,0,
694,Antarian Ranger,13,12,3,0,"2",0,12,6,40,15,7,20,499,0,0,0,
695,The Dark Woman,13,13,3,167,"2",1,21,6,110,19,10,20,500,4,132,0,
696,Grand Master Yoda,13,14,3,33,"1",1,55,6,150,22,15,20,501,3,133,130,
697,Heavy Clone Trooper,13,15,3,0,"2",0,13,6,20,14,9,30,172,0,0,0,
698,Master K'Kruhk,13,16,3,168,"2",1,52,6,150,20,12,30,502,4,134,0,
699,"Qui-Gon Jinn, Jedi Trainer",13,17,3,30,"2",1,24,6,90,19,12,20,503,4,135,131,
700,Youngling,13,18,3,0,"1",1,5,6,10,15,2,20,504,1,8,0,
701,Rocket Battle Droid,13,19,4,0,"2",0,6,6,10,12,2,10,181,0,0,0,
702,Desciple of Ragnos,13,20,6,0,"2",0,20,6,50,17,5,10,7,2,136,0,
703,Imperial Sentinel,13,21,6,0,"3",0,51,8,160,20,12,40,455,0,0,0,
704,Reborn,13,22,6,0,"2",1,9,6,30,15,7,20,7,1,8,0,
705,Stormtrooper,13,23,6,0,"2",0,5,6,10,16,4,10,0,0,0,0,
706,Anakin Solo,13,24,7,169,"2",1,23,6,50,18,8,20,505,3,137,0,
707,"Cade Skywalker, Padawan",13,25,7,131,"2",1,20,6,60,16,8,20,6,2,138,0,
708,Exceptional Jedi Apprentice,13,26,7,0,"2",1,24,6,60,17,8,20,506,2,139,0,
709,Grand Master Luke Skywalker,13,27,7,4,"2",1,115,6,150,23,19,20,507,2,140,132,
710,Kol Skywalker,13,28,7,170,"2",1,38,6,130,21,14,20,52,2,141,0,
711,"Kyle Katarn, Combat Instructor",13,29,7,64,"2",1,46,6,140,19,13,20,508,2,142,133,
712,"Leia Skywalker, Jedi Knight",13,30,7,6,"2",1,25,6,90,18,9,20,6,2,143,134,
713,Crimson Nova Bounty Hunter ,13,31,8,0,"2",0,15,6,30,14,4,10,509,0,0,0,
714,Felucian,13,32,8,0,"2",0,7,6,10,15,7,20,496,1,144,0,
715,HK-50 Assassin Droid,13,33,8,0,"2",0,27,6,70,18,10,30,510,0,0,0,
716,Jensaarai Defender,13,34,8,0,"2",1,45,6,90,21,12,20,511,3,145,0,
717,Peace Brigade Thug,13,35,8,0,"2",0,4,6,10,10,2,10,512,0,0,0,
718,R4 Astromech Droid,13,36,8,0,"1",0,8,6,20,15,0,0,513,0,0,0,
719,Death Watch Raider,13,37,10,0,"2",0,15,6,40,17,7,20,514,0,0,0,
720,Praetorite Vong Priest,13,38,9,0,"2",0,18,6,40,15,4,10,515,0,0,0,
721,Praetorite Vong Warrior,13,39,9,0,"2",0,22,6,60,16,8,10,516,0,0,0,
722,Yuuzhan Vong Ossus Guardian,13,40,9,0,"2",0,26,6,80,18,10,10,517,0,0,0,
723,"Asajj Ventress, Strike Leader",14,1,4,34,"2",1,57,6,120,19,11,20,518,3,146,135,
724,Battle Droid,14,2,4,0,"2",0,4,6,10,9,0,10,49,0,0,0,
725,Battle Droid Sergeant,14,3,4,0,"2",0,16,6,20,13,3,20,519,0,0,0,
726,B3 Ultra Battle Droid,14,4,4,0,"3",0,32,6,60,17,8,20,520,0,0,0,
727,Captain Mar Tuuk,14,5,4,171,"2",9,14,6,40,14,5,10,118,0,0,136,
728,Commando Droid,14,6,4,0,"2",0,17,6,30,16,7,10,521,0,0,0,
729,Commando Droid,14,7,4,0,"2",0,17,6,30,16,7,10,521,0,0,0,
730,Commando Droid Captain,14,8,4,0,"2",0,24,6,50,18,9,20,522,0,0,137,
731,A4-Series Lab Droid,14,9,4,0,"2",0,16,6,30,15,0,10,523,0,0,0,
732,"General Grievous, Scourge of the Jedi",14,10,4,38,"2",1,63,6,130,19,11,20,524,0,0,138,
733,General Whorm Loathsom,14,11,4,172,"2",0,20,6,70,17,11,10,0,0,0,139,
734,IG-100 MagnaGuard,14,12,4,0,"2",0,16,6,60,18,8,20,454,0,0,0,
735,IG-100 MagnaGuard Artillerist,14,13,4,0,"2",0,21,6,60,16,8,20,525,0,0,0,
736,LR-57 Combat Droid,14,14,4,0,"3",0,30,6,70,16,6,20,526,0,0,0,
737,"Wat Tambor, Techno Union Foreman",14,15,4,49,"2",0,43,6,70,19,9,20,527,0,0,0,
738,Admiral Yularen,14,16,3,173,"2",0,21,6,40,16,7,10,528,0,0,140,
739,ARF Trooper,14,17,3,0,"2",0,11,6,10,15,8,20,529,0,0,0,
740,AT-TE Driver,14,18,3,0,"2",0,9,6,10,16,6,20,530,0,0,0,
741,Captain Argyus,14,19,3,174,"2",0,29,6,70,19,10,20,531,0,0,141,
742,Clone Trooper Pilot,14,20,3,0,"2",0,9,6,20,15,8,10,532,0,0,0,
743,Clone Trooper Sergeant,14,21,3,0,"2",0,10,6,20,14,10,10,40,0,0,13,
744,Clone Trooper with Night Vision,14,22,3,0,"2",0,13,6,10,13,6,20,533,0,0,0,
745,Clone Trooper with Repeating Blaster,14,23,3,0,"2",0,23,6,20,14,8,20,534,0,0,0,
746,Commander Ahsoka,14,24,3,154,"2",1,24,6,70,20,9,20,535,3,147,142,
747,Commander Cody,14,25,3,75,"2",0,23,6,50,16,11,20,536,0,0,143,
748,"Captain Rex, 501st Commander",14,26,3,155,"2",0,41,6,80,16,13,30,537,0,0,144,
749,Elite Senate Guard,14,27,3,0,"2",0,18,6,50,17,8,30,538,0,0,0,
750,"501st Clone Trooper",14,28,3,0,"2",0,13,6,20,14,8,20,539,0,0,0,
751,General Skywalker,14,29,3,8,"2",1,47,6,100,20,12,20,540,5,148,145,
752,Jedi Master Kit Fisto,14,30,3,25,"2",1,60,6,130,20,11,20,541,4,149,0,
753,Nahdar Vebb,14,31,3,175,"2",1,17,6,60,17,8,20,6,2,150,0,
754,"Obi-Wan Kenobi, Jedi General",14,32,3,5,"2",1,66,6,120,22,14,20,542,5,151,128,
755,Senate Commando,14,33,3,0,"2",0,20,6,50,18,9,30,18,0,0,0,
756,Aqualish Technician,14,34,8,0,"2",0,8,6,10,13,3,10,250,0,0,0,
757,Cad Bane,14,35,8,176,"2",0,54,6,80,19,10,20,543,0,0,0,
758,Hondo Ohnaka,14,36,8,544,"2",0,35,6,70,18,10,20,544,0,0,146,
759,R7 Astromech Droid,14,37,8,0,"1",0,8,6,40,16,0,0,445,0,0,0,
760,Rodian Trader,14,38,8,0,"2",0,10,6,10,14,4,10,546,0,0,0,
761,Treadwell Droid,14,39,8,0,"2",0,10,6,30,16,0,0,547,0,0,0,
762,Weequay Pirate,14,40,8,0,"2",0,10,6,10,15,8,10,186,0,0,0,
763,Jedi Watchman,15,1,1,0,"2",1,24,6,70,17,9,20,548,2,19,0,
764,Elite Sith Assassin,15,2,2,0,"2",1,23,6,80,18,9,20,549,1,23,0,
765,ARF Trooper,15,3,3,0,"2",0,11,6,10,15,8,20,529,0,0,0,
766,A'Sharad Hett,15,4,3,117,"2",1,32,6,80,18,11,20,550,2,152,147,
767,"501st Legion Clone Commander",15,5,3,0,"2",0,15,6,50,16,10,10,551,0,0,148,
768,"501st Legion Clone Trooper",15,6,3,0,"2",0,8,6,10,14,5,20,552,0,0,0,
769,"K'Kruhk, Jedi Master",15,7,3,168,"2",1,33,6,100,18,10,20,553,2,153,0,
770,Merumeru,15,8,3,178,"2",0,38,6,140,18,8,20,554,0,0,149,
771,EG-05 Jedi Hunter Droid,15,9,4,0,"2",1,27,6,80,19,10,20,555,0,0,0,
772,"Chewbaccca, Fearless Scout",15,10,5,2,"2",0,23,6,110,17,9,20,556,0,0,0,
773,Dass Jennir,15,11,5,179,"2",1,32,6,80,18,9,10,557,2,154,0,
774,Ferus Olin,15,12,5,180,"2",1,27,6,100,19,11,20,558,2,155,0,
775,Jax Pavan,15,13,5,181,"2",1,16,6,70,17,10,10,559,2,8,0,
776,Kota's Elite Militia,15,14,5,0,"2",0,14,6,40,17,9,20,560,0,0,0,
777,Kota's Militia,15,15,5,0,"2",0,9,6,20,14,6,10,560,0,0,0,
778,Emperor's Hand,15,16,6,0,"2",1,20,6,80,20,9,20,561,1,19,0,
779,"501st Legion Stormtrooper",15,17,6,0,"2",0,11,6,20,16,8,20,562,0,0,0,
780,Imperial Engineer,15,18,6,0,"2",0,9,6,10,14,3,10,563,0,0,0,
781,Imperial Inquisitor,15,19,6,0,"2",0,22,6,70,17,0,0,564,3,156,150,
782,Imperial Sovereign Protector,15,20,5,0,"2",0,25,6,100,20,12,20,565,1,79,0,
783,Kir Kanos,15,21,6,182,"2",0,34,6,110,21,13,20,566,2,79,0,
784,Major Maximilian Veers,15,22,6,10,"2",0,12,6,50,15,5,10,567,0,0,151,
785,Bomo Greenbark,15,23,8,183,"1",0,18,6,50,17,6,10,568,0,0,0,
786,"Bossk, Trandoshan Hunter",15,24,8,20,"2",0,29,6,110,18,10,20,569,0,0,0,
787,"Boushh, Ubese Hunter",15,25,8,89,"2",0,26,6,80,18,10,20,570,0,0,0,
788,"Dengar, Hired Killer",15,26,8,14,"2",0,31,6,90,19,12,20,571,0,0,0,
789,"4-LOM, Droid Mercenary",15,27,8,15,"2",0,35,6,110,20,10,30,572,0,0,0,
790,Gungan Bounty Hunter,15,28,8,0,"2",0,9,6,40,16,6,10,22,0,0,0,
791,Human Engineer,15,29,8,0,"2",0,13,6,10,14,2,10,573,0,0,0,
792,"IG-88, Assassin Droid",15,30,8,16,"2",0,43,6,120,20,9,20,574,0,0,0,
793,Rodian Brute,15,31,8,0,"2",0,3,6,10,14,4,10,575,0,0,0,
794,Rodian Raider,15,32,8,0,"2",0,10,6,20,14,5,10,576,0,0,0,
795,Talz Chieftain,15,33,8,0,"2",0,16,6,60,17,9,10,577,0,0,152,
796,Talz Warrior,15,34,8,0,"2",0,7,6,20,14,6,10,577,0,0,0,
797,Togorian Soldier,15,35,8,0,"2",0,12,6,30,15,5,10,578,0,0,0,
798,Trandoshan Elite Mercenary,15,36,8,0,"2",0,17,6,50,17,7,20,579,0,0,0,
799,Trianii Scout,15,37,8,0,"2",0,14,6,40,16,6,20,580,0,0,0,
800,T'surr,15,38,8,0,"2",0,8,6,20,14,2,30,7,0,0,0,
801,"Zuckuss, Bounty Hunter",15,39,8,96,"2",0,35,6,90,20,9,20,581,2,157,0,
802,Mandalorian Jedi Hunter,15,40,10,0,"2",0,24,6,60,17,8,20,582,0,0,0,
803,Cay Qel-Droma,16,1,1,184,"2",1,28,6,90,18,10,20,583,1,158,0,
804,Jedi Healer,16,2,1,0,"2",1,18,6,40,17,9,20,7,2,159,0,
805,Jedi Instructor,16,3,1,0,"2",1,22,6,50,17,8,20,584,3,160,153,
806,Jedi Sith Hunter,16,4,1,0,"2",1,15,6,60,17,8,20,585,3,161,0,
807,Lord Hoth,16,5,1,185,"2",1,44,6,130,19,10,20,586,2,162,154,
808,Freedon Nadd,16,6,2,186,"2",1,55,6,150,22,14,20,6,2,163,155,
809,"Kit Fisto, Jedi Master",16,7,3,25,"2",1,42,6,130,20,13,20,587,4,53,0,
810,Master Windu,16,8,3,27,"2",1,65,6,150,22,16,20,43,2,164,0,
811,"Plo Koon, Jedi Master",16,9,3,29,"2",1,40,6,130,20,14,20,588,4,165,156,
812,Rodian Diplomat,16,10,3,0,"2",0,5,6,20,13,0,0,589,0,0,0,
813,"Saesee Tiin, Jedi Master",16,11,3,32,"2",1,46,6,130,20,14,20,590,3,166,0,
814,Voolvif Monn,16,12,3,187,"2",1,34,6,100,21,10,20,48,4,167,0,
815,Battle Droid Officer,16,13,4,0,"2",0,9,6,20,13,0,10,50,0,0,0,
816,"Anakin Skywalker, Force Spirit",16,14,5,8,"2",0,12,4,0,0,0,0,260,1,0,157,
817,General Solo,16,15,5,3,"2",0,49,6,80,18,9,20,591,0,0,158,
818,"Lando Calrissian, Rebel Leader",16,16,5,18,"2",0,34,6,70,17,8,20,592,0,0,159,
819,Rebel Soldier,16,17,5,0,"2",0,13,6,30,14,6,20,593,0,0,0,
820,Red Hand Trooper,16,18,5,0,"2",0,15,6,50,16,9,10,494,0,0,0,
821,"Yoda, Force Spirit",16,19,5,33,"1",0,20,4,0,0,0,0,595,1,168,0,
822,Arden Lyn,16,20,6,188,"2",0,18,6,70,17,10,10,596,1,0,0,
823,"Darth Vader, Sith Apprentice",16,21,6,8,"2",1,46,6,130,19,12,20,597,2,169,160,
824,Ganner Rhysode,16,22,7,189,"2",1,29,6,100,19,9,20,598,2,170,0,
825,Blood Carver Assassin,16,23,8,0,"2",0,11,6,40,15,8,10,599,0,0,0,
826,Chiss Trooper,16,24,8,0,"2",0,16,6,30,16,7,20,600,0,0,0,
827,Ewok Warrior,16,25,8,0,"1",0,5,6,10,12,2,10,274,0,0,0,
828,Gamorrean Bodyguard,16,26,8,0,"2",0,13,6,50,13,4,20,601,0,0,0,
829,Ghhhk,16,27,8,0,"3",0,17,6,60,18,8,20,602,0,0,0,
830,"Grievous, Kaleesh Warlord",16,28,8,38,"2",0,22,6,70,17,9,20,604,0,0,161,
831,Houjix,16,29,8,0,"3",0,21,6,90,15,11,20,604,0,0,0,
832,K'lor'slug,16,30,8,0,"3",0,20,8,70,16,8,20,605,0,0,0,
833,Kaminoan Medic,16,31,8,0,"2",0,12,6,10,12,0,10,606,0,0,0,
834,Kintan Strider,16,32,8,0,"3",0,19,6,80,13,6,30,607,0,0,0,
835,Mantellian Savrip,16,33,8,0,"3",0,17,6,80,16,5,20,608,0,0,0,
836,Molator,16,34,8,0,"3",0,22,6,80,16,8,20,609,0,0,0,
837,Monnok,16,35,8,0,"3",0,19,6,80,19,10,20,610,0,0,0,
838,Ng'ok,16,36,8,0,"3",0,18,6,90,14,9,10,611,0,0,0,
839,Sullustan Scout,16,37,8,0,"2",0,10,6,20,14,5,10,612,0,0,0,
840,Toydarian Soldier,16,38,8,0,"1",0,5,6,10,15,3,10,613,0,0,0,
841,Far-Outsider,16,39,9,0,"2",0,11,6,30,14,5,10,614,0,0,0,
842,Taung Warrior,16,40,10,0,"2",0,8,6,40,14,6,20,11,0,0,0,
843,Chewbacca,17,1,5,2,"2",0,24,6,100,17,8,20,3,0,0,0,
844,Elite Hoth Trooper,17,2,5,0,"2",0,12,6,30,16,6,20,0,0,0,0,
845,"Han Solo, Scoundrel",17,3,5,3,"2",0,46,6,80,17,9,20,197,1,0,0,
846,Luke Skywalker of Dagobah,17,4,5,4,"2",1,28,6,60,17,9,20,18,3,65,0,
847,"Princess Leia, Rebel Hero",17,5,5,6,"2",0,14,14,60,15,8,10,0,2,0,43,
848,R2-D2,17,6,5,7,"1",0,8,6,30,17,0,0,9,0,0,0,
849,Rebel Captain,17,7,5,0,"2",0,21,6,40,15,8,10,199,0,0,64,
850,Rebel Heavy Trooper,17,8,5,0,"2",0,11,6,10,12,6,30,13,0,0,0,
851,Rebel Pilot,17,9,5,0,"2",0,10,6,20,14,7,10,1,0,0,0,
852,Rebel Trooper,17,10,5,0,"2",0,5,6,10,13,5,10,0,0,0,0,
853,Rebel Trooper,17,11,5,0,"2",0,5,6,10,13,5,10,0,0,0,0,
854,"Darth Vader, Champion of the Sith",17,12,6,8,"2",1,50,6,140,22,15,20,6,4,61,62,
855,Elite Snowtrooper,17,13,6,0,"2",0,12,6,30,17,6,20,0,0,0,0,
856,Emperor Palpatine,17,14,6,9,"2",1,40,6,130,20,0,0,0,4,5,4,
857,General Veers,17,15,6,10,"2",0,21,6,70,16,6,10,0,0,0,5,
858,Grand Moff Tarkin,17,16,6,11,"2",0,11,6,40,14,3,10,0,0,0,6,
859,Heavy Stormtrooper,17,17,6,0,"2",0,12,6,20,16,6,30,13,0,0,0,
860,Imperial Officer,17,18,6,0,"2",0,14,6,30,14,5,10,0,0,0,7,
861,"Mara Jade, Emperor's Hand",17,19,6,12,"2",0,20,6,60,18,9,10,14,3,6,0,
862,Stormtrooper,17,20,6,0,"2",0,5,6,10,16,4,10,0,0,0,0,
863,Stormtrooper,17,21,6,0,"2",0,5,6,10,16,4,10,0,0,0,0,
864,Stormtrooper,17,22,6,0,"2",0,5,6,10,16,4,10,0,0,0,0,
865,Boba Fett,17,23,8,13,"2",0,50,6,110,20,12,20,21,0,0,0,
866,Rodian Hunt Master,17,24,8,0,"2",0,22,6,40,16,7,20,234,0,0,67,
867,AT-ST,18,1,6,0,"4",0,54,6,120,14,8,40,134,0,0,0,
868,Scout Trooper,18,2,6,0,"2",0,8,6,20,15,5,10,17,0,0,0,
869,Stormtrooper,18,3,6,0,"2",0,5,6,10,16,4,10,0,0,0,0,
870,Stormtrooper Officer,18,4,6,0,"2",0,14,6,30,18,8,10,18,0,0,8,
871,Elite Hoth Trooper,19,1,5,0,"2",0,12,6,30,16,6,20,0,0,0,0,
872,Elite Hoth Trooper,19,2,5,0,"2",0,12,6,30,16,6,20,0,0,0,0,
873,Han Solo on Tauntaun,19,3,5,3,"3",0,27,8,90,16,9,20,255,1,0,0,
874,Hoth Trooper,19,4,5,0,"2",0,7,6,20,15,5,10,0,0,0,0,
875,Hoth Trooper,19,5,5,0,"2",0,7,6,20,15,5,10,0,0,0,0,
876,Hoth Trooper with Atgar Cannon,19,6,5,0,"3",0,15,2,80,8,3,30,177,0,0,0,
877,Luke Skywalker on Tauntaun,19,7,5,4,"3",1,16,8,60,17,8,10,105,3,40,0,
878,"Princess Leia, Hoth Commander",19,8,5,6,"2",0,19,6,50,14,7,20,198,2,0,63,
879,Rebel Leader,19,9,5,0,"2",0,18,6,50,16,10,10,18,0,0,75,
880,Rebel Snowspeeder,19,10,5,0,"4",0,38,16,60,16,8,20,200,0,0,0,
881,Blizzard Scout 1,19,11,6,190,"4",0,54,6,120,15,10,40,616,0,0,0,
882,"Darth Vader, Imperial Commander",19,12,6,8,"2",1,53,6,140,23,15,20,6,5,69,77,
883,Elite Snowtrooper,19,13,6,0,"2",0,12,6,30,17,6,20,0,0,0,0,
884,"General Veers, Hologram",19,14,6,10,"2",0,17,6,0,0,0,0,616,0,0,162,
885,Snowtrooper,19,15,6,0,"2",0,7,6,20,16,4,10,0,0,0,0,
886,Snowtrooper,19,16,6,0,"2",0,7,6,20,16,4,10,0,0,0,0,
887,Snowtrooper with E-Web Blaster,19,17,6,0,"3",0,18,2,60,11,4,30,182,0,0,0,
888,Clone Trooper on Speeder,20,1,3,0,"3",0,28,12,50,18,8,20,617,0,0,0,
889,ISP Speeder,20,2,3,0,"4",0,42,6,70,15,9,20,192,0,0,0,
890,"Mace Windu, Jedi Master",20,3,3,27,"2",1,65,6,150,22,16,20,12,5,27,0,
891,Roron Corobb,20,4,3,191,"2",1,618,6,90,19,10,20,618,4,171,0,
892,Dwarf Spider Droid,20,5,4,0,"3",0,15,6,30,13,6,30,49,0,0,0,
893,"General Grievous, Supreme Commander",20,6,4,38,"2",1,43,6,100,20,12,20,92,1,0,29,
894,Hailfire Droid,20,7,4,0,"4",0,36,6,60,13,8,30,111,0,0,0,
895,IG Lancer Droid,20,8,4,0,"3",0,31,12,50,17,10,20,619,0,0,0,
896,IG-100 MagnaGuard,20,9,4,0,"2",0,16,6,60,18,8,20,454,0,0,0,
897,Super Battle Droid Commander,20,10,4,0,"2",0,19,6,40,14,4,30,113,0,0,35,
898,Obi-Wan Kenobi,21,1,5,5,"2",1,38,6,100,19,14,20,6,5,2,0,
899,Rebel Captain,21,2,5,0,"2",0,21,6,40,15,8,10,199,0,0,64,
900,Rebel Heavy Trooper,21,3,5,0,"2",0,11,6,10,12,6,30,13,0,0,0,
901,Darth Vader,21,4,6,8,"2",1,47,6,140,21,14,20,6,4,34,0,
902,Elite Stormtrooper,21,5,6,0,"2",0,11,6,20,16,8,20,0,0,0,0,
903,Heavy Stormtrooper,21,6,6,0,"2",0,12,6,20,16,6,30,13,0,0,0,
904,General Obi-Wan Kenobi,22,1,3,5,"2",1,55,6,120,22,14,20,620,2,172,163,
905,Clone Trooper,22,2,3,0,"2",0,9,6,10,13,6,20,40,0,0,0,
906,Clone Trooper Commander,22,3,3,0,"2",0,13,6,30,14,10,20,40,0,0,8,
907,Count Dooku of Serenno,22,4,4,35,"2",1,51,6,130,21,16,20,621,5,173,0,
908,Security Battle Droid,22,5,4,0,"2",0,8,6,20,13,3,10,62,0,0,0,
909,Super Battle Droid Commander,22,6,4,0,"2",0,19,6,40,14,4,30,113,0,0,35,
910,"Anakin Skywalker, Jedi",23,1,3,8,"2",1,29,6,90,19,12,20,622,4,70,0,
911,Super Battle Droid,23,2,4,0,"2",0,10,6,20,12,2,20,63,0,0,0,
912,"Asajj Ventress, Sepratist Assassin",23,3,4,34,"2",1,43,6,110,20,12,20,623,3,23,0,
913,Clone Trooper,23,4,3,0,"2",0,9,6,10,13,6,20,40,0,0,0,
914,"Luminara Unduli, Jedi Master",23,5,3,26,"2",1,40,6,110,20,11,20,624,4,174,0,
915,Battle Droid,23,6,4,0,"2",0,4,6,10,9,0,10,49,0,0,0,
916,AT-AT Imperial Walker,24,1,6,0,"5",0,200,0,300,13,0,0,625,0,0,0,
